File,Trace ID,S1 Mean,S1 Median,S1 Mode,S1 Std Dev,S1 Skewness,S1 Kurtosis,S1 Variance,S1 Max,S1 Min,S1 Z-Score,S2 Mean,S2 Median,S2 Mode,S2 Std Dev,S2 Skewness,S2 Kurtosis,S2 Variance,S2 Max,S2 Min,S2 Z-Score,S3 Mean,S3 Median,S3 Mode,S3 Std Dev,S3 Skewness,S3 Kurtosis,S3 Variance,S3 Max,S3 Min,S3 Z-Score
noise_2023-02-21T01_07_00.489562Z_WS.POZA.S5.DN1.MSEED,WS.POZA.S5.DN1,0.00015935646897912486,0.00012988141454748256,-0.0021730243601233512,0.0019401337844530096,-0.01510990564017081,-0.19427956348383013,3.764119101575957e-06,0.005196267713182168,-0.005473851242511653,0.0,-0.00011392140537069767,-4.283983575985455e-05,9.149789771074596e-05,0.0018516277004497648,0.04954342935402544,0.3094369004345938,3.428525141072884e-06,0.005618465808825398,-0.006241484975582609,0.0,3.19291320256071e-05,-2.3648077341486264e-05,0.0003601687891939956,0.001892495128985949,0.15611001441482558,0.40152433020958567,3.5815378132355435e-06,0.006270955854573101,-0.005473851242511653,2.842170943040401e-17
noise_2023-02-21T01_07_00.489562Z_WS.POZA.S5.DN2.MSEED,WS.POZA.S5.DN2,0.0002592044795886917,0.0002050122064409736,8.986623138872395e-05,0.0011933311949783529,0.06410705696716218,-0.3008203527861526,1.4240393409084636e-06,0.003237168197346017,-0.0029806778518110164,-3.552713678800501e-18,-0.00010020206249799446,-8.285273118962438e-05,0.0001666241141462769,0.001190560043032636,-0.08731807617305082,-0.043431304993578834,1.4174332160658722e-06,0.003237168197346017,-0.0035563985761562747,-1.4210854715202004e-17,-3.802363861008791e-05,-6.365868504228475e-05,0.0006655869557339822,0.0010299508517135163,0.17274169708534365,-0.44581193591345203,1.0607987569453978e-06,0.0028917302721893205,-0.00252009395160207,-4.9737991503207014e-17
noise_2023-02-21T01_07_00.489562Z_WS.POZA.S5.DNZ.MSEED,WS.POZA.S5.DNZ,-6.596323797255786e-05,-0.00014747286193587229,-0.00014747286193587229,0.0010991260316437592,0.36262105145093987,0.060639633337771226,1.208078033436958e-06,0.0029612030879132864,-0.002873128074933519,7.105427357601002e-18,0.00015071639526433421,0.0001594122544393372,0.0008118359560468013,0.0011316174608928956,0.1859933123973939,0.5759951218162054,1.2805580777976839e-06,0.004765031634547516,-0.002603725110176451,-1.7763568394002505e-18,0.00014391338474557905,8.210531672636194e-05,0.0006583933978597543,0.0011758203193533068,0.2367345011178499,-0.2911993309228693,1.3825534234041123e-06,0.003537491169045564,-0.002450282551989404,7.105427357601002e-18
noise_2023-02-21T01_07_00.490149Z_WS.POZA.S6.DN1.MSEED,WS.POZA.S6.DN1,0.00011839143375024217,0.0002215499285659317,-0.0016591463118165455,0.0018687151946467594,-0.25277262863603944,-0.12967264248975896,3.4920964787036757e-06,0.004788955083781236,-0.005842798656907836,1.4210854715202004e-17,5.836083964032208e-05,0.00024073024833945198,0.0006821704324387506,0.002006850374504485,-0.2761723052583996,-0.46634764831678677,4.027448425648791e-06,0.004366841634110182,-0.005727570323612269,2.4868995751603507e-17,0.00019944717228359026,0.0002023696087925508,0.00037513890140853875,0.001882816505161387,-0.058153356158033014,-0.17401949979271913,3.5449979921081393e-06,0.00513434725435821,-0.005382178153035017,-3.552713678800501e-17
noise_2023-02-21T01_07_00.490149Z_WS.POZA.S6.DN2.MSEED,WS.POZA.S6.DN2,-9.28563019486778e-05,-6.58355471885902e-05,0.0005866539266268665,0.001085360537122582,-0.0546289940674934,0.37872183774451074,1.1780074955430197e-06,0.00315822944891645,-0.003328282344333628,0.0,3.1193425074675285e-05,3.0118955411401674e-05,-0.00021936275134857786,0.0010694564875213808,-0.04253899131675819,-0.2148684606210547,1.1437371787015694e-06,0.00315822944891645,-0.0026757928705181716,2.1316282072803006e-17,-0.00014060317779646163,-0.00021936275134857786,-0.000257743980456329,0.0011876978417897368,0.10264864104785448,0.14923327347926207,1.4106261633919986e-06,0.004156153988227391,-0.0032515187422536345,-3.019806626980426e-17
noise_2023-02-21T01_07_00.490149Z_WS.POZA.S6.DNZ.MSEED,WS.POZA.S6.DNZ,7.456191120976702e-05,0.0001776917087529523,-0.0017801650546872192,0.0013853627238103352,-0.12568715505456393,-0.35989966041385246,1.9192298765231912e-06,0.003900723549971424,-0.0036987826906525667,2.842170943040401e-17,-5.1251431309066935e-06,6.231696080294115e-05,0.0007147406624104053,0.0012045381454805458,-0.03486002591897057,-0.017853649288882778,1.4509121439177124e-06,0.003056203821319867,-0.003085012457902148,2.842170943040401e-17,-1.8876222848261196e-06,2.4249150565905214e-05,0.00021575951899110353,0.0011881318020970125,0.10815620046050835,0.006621820003751111,1.4116571791542944e-06,0.003977444829065506,-0.003315176295183276,-7.105427357601002e-18
noise_2023-02-21T01_07_00.491238Z_WS.POZA.S3.DN1.MSEED,WS.POZA.S3.DN1,-8.30183013088281e-06,0.00012541457445039322,-0.00025841144300098274,0.0017280375986447518,-0.28777042875651865,0.14209555376456517,2.9861139423299202e-06,0.004078756667605205,-0.005248003255214425,-5.3290705182007515e-18,0.0001407737645639698,0.00016381181766104497,-0.0004886850912736416,0.0017429592103189093,0.15313756890199304,-0.03731917677637231,3.0379068088355157e-06,0.005537229647325863,-0.004019803923766356,0.0,0.00014537967677338853,0.00016381181766104497,-0.0011027847569976066,0.0017971699685265532,-0.06008359679988021,0.5402784098934021,3.2298198957737322e-06,0.006036210790745443,-0.005286400498425077,-1.4210854715202004e-17
noise_2023-02-21T01_07_00.491238Z_WS.POZA.S3.DN2.MSEED,WS.POZA.S3.DN2,-5.281764325929335e-05,-5.0828160930438065e-05,-0.0003386885231030673,0.0012233162372757593,0.124602339352793,0.7154692073063558,1.4965026163825215e-06,0.0038449272183243683,-0.003793031171006423,-2.1316282072803006e-17,-6.494677967420382e-05,-7.001763161982631e-05,0.001388491951764548,0.001291723525065862,0.05138995791270822,-0.32681374229361193,1.6685496652085762e-06,0.0036530142095986453,-0.0032940683294187174,2.4868995751603507e-17,5.511148025253096e-05,-1.2440068635741372e-05,-0.0005689804732075316,0.0011692268624296036,0.20953835899775988,0.4139844642280659,1.367091455826975e-06,0.004190355992565162,-0.0034859813381444052,1.4210854715202004e-17
noise_2023-02-21T01_07_00.491238Z_WS.POZA.S3.DNZ.MSEED,WS.POZA.S3.DNZ,2.6907603060076586e-05,-0.00010740031672648458,0.0006223303225939548,0.0012843742737667593,0.08499485569588615,0.11753962972815168,1.6496172751138903e-06,0.0035775637142549514,-0.004021942526370155,4.263256414560601e-17,0.0001102538524524703,0.00012334917917465306,-0.00033756415400761286,0.0011428831711746263,-0.1870505216397654,-0.3161900929990362,1.3061819429541701e-06,0.002809765264697476,-0.003216076266574528,2.1316282072803006e-17,0.00011104332027093132,8.46957103176078e-05,0.0006223303225939548,0.0011813561224985915,-0.13033163662571942,0.1541482988623808,1.395602288164907e-06,0.003155303849928615,-0.003945221247276073,2.842170943040401e-17
noise_2023-02-21T01_07_00.492647Z_WS.POZA.S2.DN1.MSEED,WS.POZA.S2.DN1,1.7171098634160042e-05,5.2484849215599074e-05,5.2484849215599074e-05,0.0016658452921171718,0.09324215470460957,-0.05310050175868941,2.7750405372689458e-06,0.005579418444395523,-0.004054373009454388,1.7763568394002505e-17,0.0001289373110032588,0.0002443612542776062,0.0015109944325999386,0.0017928954162070225,-0.13681812714347474,-0.36377941453527596,3.2144739734561525e-06,0.004543168725336823,-0.00436140454048446,2.1316282072803006e-17,-0.00017335887726268454,-0.00013946476317390916,-6.267027675260565e-05,0.0016420504336482533,0.15509924909811199,-0.2862298925278761,2.6963296266444168e-06,0.004159342707885447,-0.004284683261390658,3.375077994860476e-17
noise_2023-02-21T01_07_00.492647Z_WS.POZA.S2.DN2.MSEED,WS.POZA.S2.DN2,4.2369381905270395e-05,1.9489603050009945e-05,0.0005184524446377153,0.001198838024612339,-0.11359962842279314,-0.4015367631316842,1.4372126092564156e-06,0.002974887711197518,-0.0035116200785268365,3.552713678800501e-18,-1.0290295843763495e-05,7.706716603408616e-05,-0.0006329981549687215,0.0011593605590643026,-0.23411305076616154,-0.4232896461073339,1.3441169059138922e-06,0.002629449786040804,-0.0033964832543905243,5.684341886080802e-17,-0.00014462636384766797,-0.00013403531338099874,0.00036492752820670664,0.0012131491642226426,-0.025109116777322783,0.008702335959658303,1.4717308946540965e-06,0.003550608435542776,-0.0032813372793382917,-2.1316282072803006e-17
noise_2023-02-21T01_07_00.492647Z_WS.POZA.S2.DNZ.MSEED,WS.POZA.S2.DNZ,0.00011172634983843049,0.00014293024106057373,0.0006805648533369208,0.0012640717913770427,-0.1524118635356434,-0.11018641668084905,1.5978774937551656e-06,0.0032902596597656625,-0.003618169410394934,3.552713678800501e-18,8.791581302282518e-05,0.00010427677220464375,0.00010427677220464375,0.0012933383162147033,-0.18642192818244543,0.4256297530706541,1.6727240001890837e-06,0.0038278942720420097,-0.004194457491527211,-3.552713678800501e-18,-2.2932965119538466e-05,4.688222753852756e-05,0.0009874499697121303,0.0011946288796395893,-0.13060823625717183,-0.08643342198005444,1.4271381600689402e-06,0.0033289131286227077,-0.004270593112002398,-7.105427357601002e-18
noise_2023-02-21T01_07_00.493079Z_WS.POZA.S4.DN1.MSEED,WS.POZA.S4.DN1,0.00028349825305793293,0.0003244964061956597,0.00011340307769652114,0.0017242518417252704,-0.14899496829406458,0.00247080699020108,2.9730444136929867e-06,0.005026273610816161,-0.00529844859884256,-4.085620730620576e-17,1.6055780528122842e-05,5.582551471248849e-05,-0.00019362845333369068,0.0019066722655463,-0.17473200965672375,-0.43114601914988615,3.635399128203461e-06,0.0041434664499452045,-0.004952983220938085,7.105427357601002e-18,5.889114475380041e-05,5.582551471248849e-05,-0.0016137773971711292,0.0016926985173796383,0.022098874313094066,-0.38449271942732777,2.8652282707392255e-06,0.004335416062334573,-0.004607591050361111,2.1316282072803006e-17
noise_2023-02-21T01_07_00.493079Z_WS.POZA.S4.DN2.MSEED,WS.POZA.S4.DN2,2.838525099027493e-05,6.61663813336879e-05,0.0013135460325552082,0.001097168429004884,-0.22392368969849766,-0.12290884583158324,1.2037785616050454e-06,0.0026953343368457455,-0.00279331182611464,-7.105427357601002e-18,-4.1468595136753535e-05,2.776913812303612e-05,-0.00037520059543817924,0.0011727038677284097,-0.293031369735613,0.03472286343859299,1.3752343613851717e-06,0.002810416255486449,-0.003867995392047603,-3.907985046680551e-17,1.932862610548173e-05,-4.8988744634516834e-05,-0.00022168482992307334,0.0012120813400459966,-0.022177430890624825,-0.20435504945812477,1.4691411748876991e-06,0.0030790871469697596,-0.003215498483113056,5.3290705182007515e-18
noise_2023-02-21T01_07_00.493079Z_WS.POZA.S4.DNZ.MSEED,WS.POZA.S4.DNZ,-2.1625106128197404e-05,1.9914488403226187e-05,-0.0007098161509172132,0.0012057467739518492,-0.08262506860359112,-0.253009310233657,1.4538252828952916e-06,0.003550264643957596,-0.00339681789505893,-1.0658141036401503e-17,-1.4067767308128219e-05,9.605010887729805e-05,-0.00047906665501719093,0.0011570981583824366,-0.3051207095989783,0.10336415052733194,1.338876148132026e-06,0.0030899369693953393,-0.0037037030114341397,1.4210854715202004e-17,-9.299580807855912e-05,-1.8738980453819067e-05,0.0003642817563965775,0.0011478179963309587,-0.19626831874087616,-0.4525209156193837,1.3174861527012165e-06,0.0030126300316823647,-0.003166068399158908,4.618527782440651e-17
noise_2023-02-21T20_07_00.489606Z_WS.POZA.S5.DN1.MSEED,WS.POZA.S5.DN1,-0.0001674642535249377,-0.00010682267106071118,-0.0015653253912581455,0.0018675852308667183,-0.24666906127936764,-0.21966707619708714,3.4878745945514935e-06,0.0040384072658009905,-0.005403498632070889,2.842170943040401e-17,-0.0003515430350166029,-0.000490637249867213,-0.0006441667417561818,0.0019085263104701069,0.1431874120978033,0.1813966008528416,3.642472677756639e-06,0.005842345623426145,-0.005748936557227594,4.263256414560601e-17,-0.00014658446225002003,-0.00024115811680233164,-0.00018358284154723547,0.001904638110672177,0.21208563064489794,-0.17217734758922143,3.62764633262488e-06,0.0053433827818384315,-0.004405572948895461,-1.4210854715202004e-17
noise_2023-02-21T20_07_00.489606Z_WS.POZA.S5.DN2.MSEED,WS.POZA.S5.DN2,-0.00013695758102341061,-0.0001418699757088956,-0.0001418699757088956,0.0012397189557041147,0.30482773333953084,0.42329156232436826,1.5369030891321007e-06,0.003696298689645888,-0.003365938975339662,4.085620730620576e-17,5.054421670902417e-06,-0.00010349103433013655,-0.00021863700938236876,0.0011489969924541343,0.24774032518327277,1.0851667614899236,1.320194088668646e-06,0.004924516322925781,-0.00313564702523518,-1.4210854715202004e-17,-0.00013956789809212234,-0.00012268050501951607,-0.0007175998509700741,0.0011861579777885359,0.21767394082204117,1.0102888613135752,1.4069707482713885e-06,0.004272028564907067,-0.003749755841875135,2.842170943040401e-17
noise_2023-02-21T20_07_00.489606Z_WS.POZA.S5.DNZ.MSEED,WS.POZA.S5.DNZ,-2.3746065967927846e-05,-6.190758158433482e-05,-0.00017669667091545194,0.0012606334757172156,-0.04958359138606533,-0.15774347770832797,1.5891967600988672e-06,0.0033161713330207765,-0.003246719151907565,0.0,6.939239553481024e-05,1.5399356128640422e-05,-0.00029148576024656906,0.0011566302266076357,0.12312658357140394,0.11403421149457271,1.3377934811024307e-06,0.003623056449397101,-0.002939834035532356,-2.1316282072803006e-17,-2.2527896040342723e-05,-2.3254112728404835e-05,0.00036093794136089514,0.0010554259821969481,0.12854135239203182,0.12709465277870757,1.113924003896393e-06,0.0033161713330207765,-0.0028636984150571688,-2.1316282072803006e-17
noise_2023-02-21T20_07_00.489985Z_WS.POZA.S4.DN1.MSEED,WS.POZA.S4.DN1,0.00010045842350153426,-1.9605107352735164e-05,-0.000556946890319217,0.002089569000699997,-0.16787200908042113,-0.027365143431115513,4.366298608686384e-06,0.005430607208733247,-0.006813171880855132,1.7763568394002505e-17,-0.00016453013941451585,-9.632638644667694e-05,0.00013391065816237074,0.001876145972818577,-0.1954586250780966,-0.012420330892412235,3.519923711323365e-06,0.004931626065313806,-0.005393022937017693,3.552713678800501e-17,-4.032453797706707e-05,-1.9605107352735164e-05,-1.9605107352735164e-05,0.002186473308589343,-0.002129446021304159,0.055587492705990726,4.780665529173627e-06,0.0065436514142132515,-0.006813171880855132,-1.4210854715202004e-17
noise_2023-02-21T20_07_00.489985Z_WS.POZA.S4.DN2.MSEED,WS.POZA.S4.DN2,6.892935924984217e-06,1.5948975151145675e-05,0.0003038367900715878,0.0012152537868979788,-0.11980707630003609,-0.36138522938318296,1.476841766569878e-06,0.0030672669839977994,-0.0030738028805697712,-5.684341886080802e-17,3.590939220517284e-05,-3.2679482859857954e-06,-0.0001951443533479929,0.00118149395077049,-0.09938023778558473,0.06756638002287252,1.395927955707261e-06,0.003374371722355373,-0.0035727108166619895,-2.1316282072803006e-17,-5.989352318482939e-05,-4.162858783288698e-05,0.00018868166410338305,0.0012229598355175373,-0.20418662296178233,0.33298704438143467,1.4956307592890818e-06,0.00333593787548111,-0.004033331320534669,-2.4868995751603507e-17
noise_2023-02-21T20_07_00.489985Z_WS.POZA.S4.DNZ.MSEED,WS.POZA.S4.DNZ,0.00012217779146555914,5.576878933535568e-05,-0.00013632723770873667,0.0011814546813585195,-0.11204310903217624,-0.32003603129089164,1.3958351641039607e-06,0.003126962587566373,-0.003129042780987875,2.842170943040401e-17,0.00013610241079180593,0.00011374899262036593,0.0004013073745676104,0.0012555525804751832,0.20234431859260246,0.11447986234029983,1.5764122823378911e-06,0.0037793862891727214,-0.0030915606293697327,3.552713678800501e-18,-9.695223743331657e-05,-7.834703442372643e-05,-0.001056982586834365,0.0013306711551214082,-0.2092022432729898,0.5844120926167315,1.7706857230721429e-06,0.0037407328203167916,-0.004895389176003963,1.4210854715202004e-17
noise_2023-02-21T20_07_00.490689Z_WS.POZA.S6.DN1.MSEED,WS.POZA.S6.DN1,-5.057809016889084e-06,-1.4675494858753951e-05,0.0005034859683343471,0.0019226161732370849,0.03274075859112752,0.2913287605866137,3.6964529495928125e-06,0.006606048778700154,-0.006136565039652804,3.552713678800501e-17,-0.00012880103297460726,-0.00014908414792784072,0.0005034859683343471,0.0019488826742466306,0.18902443571231275,0.4001734920685269,3.7981436779786988e-06,0.006606048778700154,-0.006136565039652804,2.1316282072803006e-17,0.00011299925540858926,-3.385581463227425e-05,-3.385581463227425e-05,0.001658709454302758,0.26944801137731267,0.011516099532650426,2.7513170537933532e-06,0.004802220232066202,-0.004447818411659695,4.263256414560601e-17
noise_2023-02-21T20_07_00.490689Z_WS.POZA.S6.DN2.MSEED,WS.POZA.S6.DN2,-0.00011732588397477556,-0.00017520534482605223,-0.0014034206903769722,0.0011967529980286087,0.1904705885834531,0.21222487063677953,1.4322177382904633e-06,0.0033559134876667185,-0.003667942376278827,-1.4210854715202004e-17,9.914703235911363e-05,3.589398896168509e-05,-0.0007125494155215185,0.0011494478203387737,-0.04837928716400641,-0.13731173306696043,1.3212302916815579e-06,0.002856950646079004,-0.0031305983055833608,-7.105427357601002e-18,-8.969104098760887e-05,-0.00021358714586604944,-0.0007125494155215185,0.0011321607023860726,0.3614324141737414,0.008098496795660104,1.2817878560273254e-06,0.0030872414523189866,-0.002708399352041763,3.552713678800501e-17
noise_2023-02-21T20_07_00.490689Z_WS.POZA.S6.DNZ.MSEED,WS.POZA.S6.DNZ,-8.654620436620367e-05,-8.50398903983546e-05,-0.0004686462858676453,0.001166998183016331,0.2632670832936732,-0.015279253375822144,1.3618847591634182e-06,0.004482511679471674,-0.0028481772550152584,2.1316282072803006e-17,-0.0001155878439669975,-0.00012310770063539054,3.033485755277184e-05,0.0012063998674319315,0.12059326012399221,-0.299368515599598,1.4554006401397819e-06,0.0030242217180696984,-0.0031937158402463982,-3.552713678800501e-18,-6.571005984944839e-06,8.772940221777277e-05,-0.0005840210338176565,0.0012270545229857094,-0.23310180273277803,0.2161164282642445,1.505662802379687e-06,0.003369760303301953,-0.0042683994061790825,7.105427357601002e-18
noise_2023-02-21T20_07_00.490809Z_WS.POZA.S3.DN1.MSEED,WS.POZA.S3.DN1,0.00019508731987667117,0.00020476240026317264,3.202971131093527e-05,0.0017549088870455062,0.013350380170100127,-0.1342926496842325,3.079705201831297e-06,0.005750912918880228,-0.004228343912874018,-7.105427357601002e-18,0.00010926636998953113,0.00012798621567377926,0.001145110520454481,0.001771354601977287,0.20794575018584124,0.4382391749301937,3.1376971259461126e-06,0.0060579810535741204,-0.004113188786905884,0.0,-9.722822061829716e-05,-2.55295498412918e-05,-0.0013113247461052694,0.001670570499883705,0.14022698372863043,0.13802820573738606,2.7908057950816925e-06,0.004752987235704818,-0.004650530569872365,-1.0658141036401503e-17
noise_2023-02-21T20_07_00.490809Z_WS.POZA.S3.DN2.MSEED,WS.POZA.S3.DN2,1.1651832548334434e-05,0.00011266637757448876,0.0010338341779923814,0.0011289602996039192,-0.2575131199164446,-0.23242394607664751,1.2745513580817709e-06,0.0028377725356175496,-0.002957868554709331,-7.105427357601002e-18,-0.00016121892542333958,-0.00027114133804504673,-0.0005398122295282876,0.0011422683139627637,0.2481612985159347,0.040731084960524466,1.3047769010833346e-06,0.0036054062686884957,-0.002957868554709331,3.1974423109204506e-17,4.1436746144030135e-05,-4.084938794058228e-05,-0.0001943834552875286,0.0012982847985914504,0.016695031544164306,0.10665667981812943,1.685543418253643e-06,0.003682182453277889,-0.004454757079472483,-7.105427357601002e-18
noise_2023-02-21T20_07_00.490809Z_WS.POZA.S3.DNZ.MSEED,WS.POZA.S3.DNZ,-3.076077867341964e-05,1.8041831797427222e-06,0.00011659327251085984,0.0012023553954918407,-0.01890563011630618,-0.2436269717122288,1.4456584970683408e-06,0.0030724123227907504,-0.002915361398244218,3.552713678800501e-18,-1.0808560840074283e-05,3.987199341677865e-05,0.0005007853265990446,0.0014105309160400315,0.11974243786897287,-0.17907609128990654,1.98959746510473e-06,0.003648114745304133,-0.003683159847801693,-2.842170943040401e-17,-5.5653612616932976e-05,-0.00011357056477026845,-0.0011882541307040686,0.001208630184981627,-0.009147616782429733,-0.6065939663264874,1.460786924048722e-06,0.002880316295746658,-0.002915361398244218,7.105427357601002e-18
noise_2023-02-21T20_07_00.493184Z_WS.POZA.S2.DN1.MSEED,WS.POZA.S2.DN1,5.4181537983851466e-05,0.00017623894360670108,-0.0015509415312609492,0.002297276305049004,-0.1490534912849808,-0.07338213574229302,5.277478421739604e-06,0.0060869985562380016,-0.006118346686476115,1.5987211554602253e-17,-0.00016229457888287236,-0.00028438156026597836,-0.001128754874262672,0.002325851478139944,0.22034551613380307,-0.2716844423053266,5.409585098365763e-06,0.006816289951593852,-0.005811315155445903,7.105427357601002e-18,-4.576666911169393e-05,-0.00024598431705532664,-0.0012822706397776385,0.0026277748314212385,0.250951986581152,0.1957756145159184,6.905200564650919e-06,0.00800612864349502,-0.007039514486893972,2.4868995751603507e-17
noise_2023-02-21T20_07_00.493184Z_WS.POZA.S2.DN2.MSEED,WS.POZA.S2.DN2,2.9719369410042945e-05,5.274592895671058e-05,-0.00021592496252653034,0.0014940267234894275,0.18582742455983453,0.2384879930714865,2.2321158505005544e-06,0.0056180950691791095,-0.0032097020120528323,-7.105427357601002e-18,2.818432156588365e-05,0.00014870243331955457,-0.0001391579288530746,0.0013543422976099767,-0.1694991151690049,-0.3976451476696674,1.834243059095471e-06,0.003468718786397245,-0.003747043795019314,-1.0658141036401503e-17,2.4345988184041395e-05,7.193997510405022e-05,0.0004749508877868804,0.001340910836145272,0.027789124882415243,-0.2016329051186938,1.7980418704918128e-06,0.0040828276030371825,-0.0037086648536405376,8.881784197001253e-18
noise_2023-02-21T20_07_00.493184Z_WS.POZA.S2.DNZ.MSEED,WS.POZA.S2.DNZ,0.0001371134773190146,0.00012187698268577151,4.5741362211699654e-05,0.001138050328762834,0.08843063899796903,-0.3175716525577461,1.295158550797195e-06,0.0030009747538726956,-0.0030254524360193175,7.105427357601002e-18,-4.556515913101292e-05,6.448243802077058e-05,0.0003526264785869091,0.0011706383834820533,-0.2921343443659642,-0.18434144672364106,1.3703942248814748e-06,0.0033465133391038355,-0.0032550306146815512,1.4210854715202004e-17,-3.5710935115371987e-06,0.00014120371711429414,0.00016053045154281676,0.001309934417405444,-0.17948861516689796,0.05195090372321687,1.7159281779033399e-06,0.003576091517767185,-0.003908625633526804,-4.263256414560601e-17
noise_2023-03-10T03_12_24.010169Z_WS.POZA.S6.DN1.MSEED,WS.POZA.S6.DN1,0.00021132572727440801,0.00027788992893831393,-0.0007582865827928856,0.0018823755862976035,-0.08320392050484472,-0.08674539485074462,3.5433378478892463e-06,0.004998884056995947,-0.004903578288337136,1.0658141036401503e-17,-1.082630009874171e-05,-2.9141602091897882e-05,-0.0017946095091790875,0.0019968337274770213,0.06700869646764582,-0.39747024294748234,3.987344935189775e-06,0.005190833669385316,-0.005402559431756716,-2.4868995751603507e-17,0.00013287206998543078,2.847256455588536e-05,-0.0012956283657595067,0.001763845797480143,0.0324838155623037,-0.028147815265826548,3.1111519972883616e-06,0.004922162777902145,-0.005479280710850519,1.0658141036401503e-17
noise_2023-03-10T03_12_24.010169Z_WS.POZA.S6.DN2.MSEED,WS.POZA.S6.DN2,-4.093849255360799e-06,-3.7866244112318287e-06,-0.0005603218815928186,0.0011190638962708687,-0.14768321117947633,-0.47112025730029394,1.2523040039369377e-06,0.0023950707931983664,-0.0030167521437454736,7.105427357601002e-18,-0.00011509380167264316,-0.0001381229280512209,-0.00044517676443895065,0.0012362824550020926,-0.07141561940163674,-0.03852846082046346,1.5283943085460012e-06,0.002932415435826078,-0.003899531851868667,-7.105427357601002e-18,-0.0002541891661070627,-0.0002532680452050889,-0.0008289939169405517,0.0011731249828550467,-0.017398424545618314,-0.38556941627980956,1.3762222253986536e-06,0.0030475602670138238,-0.0032854243220762688,7.105427357601002e-18
noise_2023-03-10T03_12_24.010169Z_WS.POZA.S6.DNZ.MSEED,WS.POZA.S6.DNZ,-0.00011783426882344499,-4.622930342571749e-05,-7.575834568672235e-06,0.0012889097228561657,-0.14183310752326886,-0.30607847866491733,1.6612882736731578e-06,0.0034079852316545806,-0.0035004438385060157,2.1316282072803006e-17,-7.161188266722761e-06,-7.575834568672235e-06,-0.0005832782570820552,0.0011306932099005554,0.06109818677006796,-0.5854542244696277,1.2784671349152213e-06,0.00298572536732936,-0.0026178562996174233,1.4210854715202004e-17,1.863824521900363e-05,3.0491975668363694e-05,-0.0005065569779890894,0.0012819728514836713,-0.3201321356291332,-0.1991755104633195,1.6434543919411748e-06,0.003101100115279371,-0.004229588819207561,2.1316282072803006e-17
noise_2023-03-10T03_12_24.010523Z_WS.POZA.S3.DN1.MSEED,WS.POZA.S3.DN1,0.0002595430484222566,0.00017050200103299796,-0.0010193183890362604,0.001891576915245962,0.09895233733809009,-0.07207473583336377,3.5780632262914296e-06,0.0055823353757403086,-0.005049418364948625,-7.105427357601002e-18,0.0002491017801474088,0.0002088809424117396,0.0005543097166525334,0.0017823930370848451,-0.0059666441729846875,0.016598363168132124,3.1769249386485385e-06,0.004546012449354246,-0.005970586165366483,7.105427357601002e-18,0.00022653313243350658,0.0002088809424117396,-2.1429309524530427e-05,0.0018503428417504253,-0.24837858577158675,0.17744115724584075,3.4237686320170396e-06,0.005313664484257068,-0.005433244382400001,0.0
noise_2023-03-10T03_12_24.010523Z_WS.POZA.S3.DN2.MSEED,WS.POZA.S3.DN2,3.08935331960265e-05,2.1371090087114447e-05,2.1371090087114447e-05,0.0012850321243070308,0.014973326839491576,-0.369312281886637,1.6513075605010404e-06,0.003629266107169292,-0.0032410768509223936,-2.842170943040401e-17,-0.00010113932247752448,-9.376573404918013e-05,-1.700785129166203e-05,0.001163017439716427,0.2837422225539558,0.19836769563253753,1.3526095650845528e-06,0.003821160814063139,-0.002934008716228536,-1.7763568394002505e-17,-7.96458707808477e-05,2.181619397726209e-06,0.0005203339316748198,0.001269185768466456,-0.21610273273819172,0.05926643445105739,1.6108325148777884e-06,0.0033221979724754338,-0.0038551765166464284,3.552713678800501e-17
noise_2023-03-10T03_12_24.010523Z_WS.POZA.S3.DNZ.MSEED,WS.POZA.S3.DNZ,-3.082997322303136e-05,6.644046742127329e-07,-0.0010546924268299495,0.0013077919810617813,-0.05655293653256862,-0.4565222911965212,1.7103198657294986e-06,0.0033974843950889525,-0.003050617000508272,-3.375077994860476e-17,-0.00016162628392980705,-5.673013999134583e-05,0.0003268762554779449,0.001231346855204522,-0.06911662198174397,-0.1968781608116128,1.5162150778220657e-06,0.0028598497828126053,-0.003818415450065747,-2.842170943040401e-17,3.0418205155871708e-05,3.902504422125333e-05,0.0003268762554779449,0.0011878046519403387,0.10245248417829556,-0.09225874856021976,1.4108798911711095e-06,0.003128667088950779,-0.003472876864834608,7.105427357601002e-18
noise_2023-03-10T03_12_24.010607Z_WS.POZA.S4.DN1.MSEED,WS.POZA.S4.DN1,1.4042923913053652e-05,-4.055977220390474e-06,-0.0008100686516700435,0.001775606720589044,0.008519221962304991,0.08728247783258292,3.1527792262009797e-06,0.004793659429931045,-0.0049937209967611945,-1.2434497875801754e-17,0.00025247274694370123,0.00037977004023098546,0.0008403173367763032,0.0017034059602177953,-0.14992521838174952,0.19883866156865038,2.901591865305509e-06,0.004640143664415939,-0.005531062779727677,7.105427357601002e-18,0.00015237109728995994,0.00011106254508413336,-0.0007333473725762411,0.0019004010296877086,0.13034536309102865,0.34695521070388313,3.611524073638103e-06,0.006674355670313802,-0.004763410744824925,-2.1316282072803006e-17
noise_2023-03-10T03_12_24.010607Z_WS.POZA.S4.DN2.MSEED,WS.POZA.S4.DN2,-3.483870294704279e-05,0.00014125976608884755,0.0002180542525100117,0.0011651538282109037,-0.3606805874939934,-0.1668011525963955,1.3575834433945241e-06,0.002712813554953052,-0.00396559809258114,-1.4210854715202004e-17,-0.0003044346422190538,-0.00026174657113611836,-0.0008567025207503137,0.0011524040146995305,-0.07876222785871183,-0.09134780172318813,1.3280350130955958e-06,0.0026360922758592495,-0.0034282563096145182,-2.4868995751603507e-17,0.00016827824799014156,0.00012207944631532726,-0.00028092689090956896,0.0011891103656561557,-0.016284065151870523,0.1302370341082173,1.4139834617109164e-06,0.003941012886401122,-0.00373528784064473,-7.105427357601002e-18
noise_2023-03-10T03_12_24.010607Z_WS.POZA.S4.DNZ.MSEED,WS.POZA.S4.DNZ,-7.63559022949899e-05,-0.00023707936843435847,-0.00023707936843435847,0.0011847603578983448,0.11395485065885415,0.1896519587192298,1.403657105647414e-06,0.003447884662545962,-0.003729947372371702,-7.105427357601002e-18,-2.7347989053979424e-05,-6.431007581878873e-05,0.0006074403602171981,0.001070555472517385,0.09060430168666003,-0.07904567948542107,1.1460890197369212e-06,0.0032944421043589146,-0.0029240811125760754,-2.842170943040401e-17,-3.45311739727569e-06,3.232359632270914e-05,-0.0007360605118536603,0.0012423406048190943,-0.19961016408830462,0.08049129106105202,1.5434101783822732e-06,0.0027568074920825674,-0.003806082992845774,-2.842170943040401e-17
noise_2023-03-10T03_12_24.012432Z_WS.POZA.S2.DN1.MSEED,WS.POZA.S2.DN1,-0.00014667006910508396,-0.00012471636294113453,0.0010459054055227631,0.001818431598989323,-0.28999808560601736,0.22730057451490193,3.3066934802028658e-06,0.004845731733162538,-0.006323363790492876,-1.0658141036401503e-17,0.00014318790140975882,0.0001439545285420367,-0.00010549943950400306,0.0018726823252527601,0.18749862027056935,-0.3712808301611985,3.5069390913140848e-06,0.0051527632641927505,-0.004058841532658745,1.4210854715202004e-17,-3.5207813559258105e-05,-0.00010549943950400306,0.00070051323494565,0.001826305415403461,-0.0036610282940562106,-0.12686158037233586,3.3353914703320086e-06,0.0051527632641927505,-0.006093053538556607,-3.9968028886505634e-17
noise_2023-03-10T03_12_24.012432Z_WS.POZA.S2.DN2.MSEED,WS.POZA.S2.DN2,0.00014815326172868494,0.00010101938286125007,-0.0002060304500007499,0.0011860587622190373,0.16336059907085562,-0.42056340069786025,1.4067353874365548e-06,0.0029796504573353024,-0.0029311366080437933,-3.907985046680551e-17,-0.00011314949527211589,-0.00011007852109586603,-0.0002060304500007499,0.0010696785779104785,-0.06254035917526729,0.1853336752253294,1.1442122600405837e-06,0.0027109795658520615,-0.0036603913997359807,2.1316282072803006e-17,-5.711221445610484e-05,2.4261500103714547e-05,2.4261500103714547e-05,0.001283292244758875,-0.451966933958559,0.3135614164371656,1.646838985458272e-06,0.003209942407439784,-0.004543171107859177,0.0
noise_2023-03-10T03_12_24.012432Z_WS.POZA.S2.DNZ.MSEED,WS.POZA.S2.DNZ,4.669768130342743e-05,-1.0748401320219047e-05,7.99267448885189e-06,0.0012451602944339355,0.2684798575280275,-0.33142895652903226,1.550424158834805e-06,0.0035008606784250797,-0.002869933779459169,4.263256414560601e-17,-0.00013245294762549004,-0.00018293203531745235,-0.0006819131787367542,0.0011782029999770768,-0.013890216425035564,0.21258272529658617,1.3881623091549836e-06,0.0031939755620498706,-0.0038678960662988883,-3.552713678800501e-18,0.00017135863231717907,0.00025806890481739687,0.0002773956392459195,0.0011950469896675577,-0.0568804742410628,0.2809080217004327,1.4281373075134918e-06,0.004077148759557357,-0.0030620298065032617,-7.105427357601002e-18
noise_2023-03-10T03_12_24.012497Z_WS.POZA.S5.DN1.MSEED,WS.POZA.S5.DN1,0.0002579225217491166,0.00012235851063941387,7.212535587172937e-06,0.0018371312717552683,-0.0629881254081853,0.1730290274691315,3.3750513096611295e-06,0.004843311459575349,-0.004828886388401,-7.105427357601002e-18,0.0002596114422445124,0.0002950751854887821,-0.00037660433094830023,0.0018181841159430787,0.0451808305067311,-0.3184678180791134,3.305793479467715e-06,0.005649326421754057,-0.003907723163441075,-7.105427357601002e-18,3.6536746320752835e-05,7.212535587172937e-06,-0.0010674756058037596,0.0018053272390994596,-0.27904384138526744,0.29675588896252814,3.259206440234478e-06,0.004728165484523113,-0.005404611688204217,2.4868995751603507e-17
noise_2023-03-10T03_12_24.012497Z_WS.POZA.S5.DN2.MSEED,WS.POZA.S5.DN2,0.00011800183693976338,8.468869620100825e-05,6.549922551162002e-05,0.0012239622155381124,0.04189464913351592,-0.15175885977672987,1.4980835050649648e-06,0.0034814720829521545,-0.0030434237990668964,7.105427357601002e-18,1.7595461785805622e-05,-4.96467495406122e-05,-0.00027993869964509406,0.0011844791388060654,-0.01669813380498197,-0.09585637637509103,1.4029908302667583e-06,0.0037117640330566358,-0.00312019083274037,3.552713678800501e-17,2.972393933477116e-05,6.549922551162002e-05,-0.0002415597582663176,0.0012565027245290128,0.10619325062783751,0.6545945076854767,1.5787990967488321e-06,0.0049783606077153045,-0.0030434237990668964,1.4210854715202004e-17
noise_2023-03-10T03_12_24.012497Z_WS.POZA.S5.DNZ.MSEED,WS.POZA.S5.DNZ,0.00010925450475533994,7.807403987746171e-05,0.000288911142730625,0.0012445876449933898,0.12569142756625382,0.20196749898953748,1.548998406070192e-06,0.0037817791466679684,-0.0033948815710119077,-2.1316282072803006e-17,0.00010513146807730418,-5.6627442500514466e-05,-5.6627442500514466e-05,0.0012711518707471967,0.33704694361107934,-0.20409404420490462,1.615827078504098e-06,0.0038965682359990857,-0.002934553896448536,7.105427357601002e-18,0.00013232008380749787,9.681511568653265e-05,-0.0010920718809583753,0.0012636371220939287,0.07378844362344375,0.06273887723209048,1.5967787763338265e-06,0.0038590860843809435,-0.0033948815710119077,-2.4868995751603507e-17
noise_2023-03-10T03_31_47.878169Z_WS.POZA.S6.DN1.MSEED,WS.POZA.S6.DN1,-0.00013027898901339253,-0.0002209447998265432,-0.0006815653036990833,0.0019490572824855778,-0.19320408191653185,0.25977179779875614,3.7988242904100653e-06,0.004922162777902145,-0.007129666699296866,7.105427357601002e-18,-0.0001356430363051414,-0.00010586288118570025,-0.0011038251680248617,0.0017601300689584637,0.07084851925468805,-0.13959995970162797,3.098057859651726e-06,0.005996846343835108,-0.004519825478213122,2.842170943040401e-17,-6.578450490915896e-05,-0.00018258416027950263,-0.0011038251680248617,0.0018199013305007674,0.1577922016658076,-0.19091236191777128,3.312040852758464e-06,0.004691852525965735,-0.004903578288337136,-4.085620730620576e-17
noise_2023-03-10T03_31_47.878169Z_WS.POZA.S6.DN2.MSEED,WS.POZA.S6.DN2,-0.00010496102335605128,-2.2977524931230425e-05,0.00036083934160424815,0.001195020723684543,-0.08168976712028699,-0.19668960607587627,1.428074530035529e-06,0.002817270032706087,-0.003746004933674802,-1.4210854715202004e-17,-0.0001167825957710128,-9.97411270112237e-05,-0.00048355856547894783,0.0011533225220761222,-0.10232391736830167,0.02753091385622275,1.3301528399280272e-06,0.0036616679397892832,-0.003131897403882403,3.552713678800501e-17,2.9067971937700957e-05,0.00013054910729651224,0.0003992211426442454,0.0011469839413130068,-0.20729143343681694,-0.04423449309503891,1.315572161629919e-06,0.002740506430626094,-0.003055133944785471,-1.4210854715202004e-17
noise_2023-03-10T03_31_47.878169Z_WS.POZA.S6.DNZ.MSEED,WS.POZA.S6.DNZ,0.0001575845812683299,0.00010721325476244488,-4.622930342571749e-05,0.0011282553459724593,0.10426891303485236,-0.1778626029147472,1.2729601257154337e-06,0.0032545426734675335,-0.0027326453889485406,7.105427357601002e-18,-8.193339547645537e-05,-4.622930342571749e-05,-0.0005065569779890894,0.001165377694170203,-0.24585874730925197,0.31368506907764493,1.3581051700694595e-06,0.00298572536732936,-0.003999424981925318,3.552713678800501e-18,9.44763511153911e-05,0.00010721325476244488,-0.00023832533046980983,0.001135618520317629,-0.019167611797381245,0.05534170729831844,1.2896294236884008e-06,0.003369917421417545,-0.0038073289548812253,1.7763568394002505e-18
noise_2023-03-10T03_31_47.878523Z_WS.POZA.S3.DN1.MSEED,WS.POZA.S3.DN1,-1.864801674274425e-05,1.6967933686051636e-05,-0.0009425605062787771,0.0019818772038909956,0.14672227158446577,0.13029741675280837,3.92783725130279e-06,0.006273192924221896,-0.005548362904704455,7.105427357601002e-18,0.00028763826369470133,0.00040079395113749725,-0.0008274419839742533,0.0017538665188499,-0.1645521303126071,0.07018605401932465,3.0760477659426666e-06,0.005390422367014621,-0.004627231707950278,-2.1316282072803006e-17,-0.00014776436570081692,-0.0002517029577971893,-0.0006738896147955361,0.0017166370419178195,0.12722342324773558,0.09485651784206217,2.9468427336843618e-06,0.004968199106352593,-0.004396921456014008,-2.842170943040401e-17
noise_2023-03-10T03_31_47.878523Z_WS.POZA.S3.DN2.MSEED,WS.POZA.S3.DN2,0.0001048939155531595,2.1371090087114447e-05,2.1371090087114447e-05,0.0012321638374991517,0.22580619612867084,0.43595533089086613,1.518227722440636e-06,0.004742328614481032,-0.003471368801026893,-1.7763568394002505e-17,3.319685533737184e-05,5.9750031465890923e-05,-0.0009765545930882963,0.001234506294397503,-0.023362915591812528,-0.016782119644004556,1.5240057909070543e-06,0.0038595397554419156,-0.0029724059594391523,0.0,0.00017244539123409497,0.00017490515743406082,-0.0007462626429838319,0.0012751725083141425,0.013508222730213543,0.04004574513701531,1.6260649259601816e-06,0.004128228948756997,-0.0036632635079207406,1.2434497875801754e-17
noise_2023-03-10T03_31_47.878523Z_WS.POZA.S3.DNZ.MSEED,WS.POZA.S3.DNZ,-7.427647221772567e-05,-0.000133451419085427,-0.0010166246165929135,0.0012236375553857026,0.3425178127123629,-0.05051824054818299,1.4972888669502982e-06,0.003589580422133045,-0.0032040595586964346,2.842170943040401e-17,-5.617259298600255e-05,1.999113910273536e-05,0.00017343369728978246,0.0011625771744836245,-0.10475247473791004,-0.4089343754403445,1.351585686630328e-06,0.0028217819725755693,-0.0029738957214153062,-1.4210854715202004e-17,-0.00010896386090597424,-9.538360884727582e-05,9.671241819681655e-05,0.001193185007230198,0.14436268074174574,-0.44731375176397536,1.423690461478928e-06,0.0030138779996196617,-0.003396155585740527,2.842170943040401e-17
noise_2023-03-10T03_31_47.879535Z_WS.POZA.S4.DN1.MSEED,WS.POZA.S4.DN1,0.00017152275647632376,0.00026579183194312846,-0.0011927177514413506,0.001941154545066588,-0.06053163881025874,-0.421494100718097,3.7680809678326724e-06,0.004602886735221885,-0.004877388953112782,0.0,-6.368360151513686e-05,-0.00017561174849241952,-0.00115435711189431,0.001901218090753113,-0.005529422916573167,0.01977451838169353,3.6146302286069123e-06,0.005063507239094564,-0.0053379362496580995,-7.105427357601002e-18,0.00017643818926589883,0.0002274311923960879,0.0006112572098476032,0.0018275314008627589,0.11655901889743212,-0.3875131475639866,3.339871021139398e-06,0.004679681221643048,-0.004378407809693341,1.4210854715202004e-17
noise_2023-03-10T03_31_47.879535Z_WS.POZA.S4.DN2.MSEED,WS.POZA.S4.DN2,-6.516390402605684e-05,-0.0001334991373539674,-9.513849780692682e-05,0.0011335566543302542,0.15055482056300584,-0.02579372200493424,1.2849506885763994e-06,0.0032057066864131286,-0.003088878943669548,-6.394884621840901e-17,6.195564187040473e-05,9.681111458244204e-05,0.00040384264561251447,0.0011969331411244549,-0.05508293452047712,0.2714786532884763,1.4326489443220544e-06,0.0037814823162538734,-0.0033575498351528584,-2.842170943040401e-17,-9.464127363943223e-05,-0.00011431881758044711,5.845047503540144e-05,0.0012470778602473405,0.08193769711898949,0.36305801026170226,1.5552031895190855e-06,0.003627893343411545,-0.00366458136618307,-2.1316282072803006e-17
noise_2023-03-10T03_31_47.879535Z_WS.POZA.S4.DNZ.MSEED,WS.POZA.S4.DNZ,-5.794494142991395e-05,-0.00012468659765502027,-0.0012374379738258562,0.0012403449421709626,0.2172634775122271,0.09652157230328529,1.5384555755690883e-06,0.0036364130538004877,-0.0033106694852171542,-2.1316282072803006e-17,-9.16367104658508e-05,-9.897508323903139e-06,0.00041294801462021157,0.0011281590470708762,0.020643271219096572,-0.03187719719060933,1.2727428354878674e-06,0.0034443170267563954,-0.003195880395886037,1.4210854715202004e-17,4.130779605558149e-05,0.00010489158100721397,0.0002969876080513063,0.0012032832946126905,-0.22056315255114972,-0.21296006140860735,1.447890687093971e-06,0.002715757704674859,-0.0030799199893160167,-1.4210854715202004e-17
noise_2023-03-10T03_31_47.880432Z_WS.POZA.S2.DN1.MSEED,WS.POZA.S2.DN1,-0.0001618670317811619,-0.00012471636294113453,0.0004318423434624788,0.0018485004401813658,-0.18600388234168005,0.0598118484383523,3.416953877350703e-06,0.004845731733162538,-0.004749699081140333,0.0,0.0002471256150181925,0.00033586753726772467,-0.0007579963484386896,0.0018182165691658192,0.0261697259597945,0.13563697069651237,3.305911492389122e-06,0.005459794795222823,-0.004519388829204062,-2.842170943040401e-17,5.632211751360597e-06,0.00016317145197916816,0.000623718748524486,0.0018134130867900897,-0.09489505656539489,-0.36700147531134286,3.2884670233415612e-06,0.004423545076164122,-0.004557822676078326,1.4210854715202004e-17
noise_2023-03-10T03_31_47.880432Z_WS.POZA.S2.DN2.MSEED,WS.POZA.S2.DN2,-6.831934118633413e-05,-3.331606288037039e-05,-0.00047470134148400823,0.0011945601920209227,-0.09751317493137092,-0.08047884528008886,1.4269740523610636e-06,0.002941271515956543,-0.003583624366062525,-7.105427357601002e-18,-6.402089975191169e-05,-9.088447494851768e-05,-0.0006282354088309372,0.0011956644121569864,-0.17811635067905224,0.1510422178848767,1.429613386498712e-06,0.00286450448228307,-0.004120966149029007,2.842170943040401e-17,-2.732817934833853e-05,-9.088447494851768e-05,0.0008686531159322139,0.0011750936461079914,0.05291968123274621,-0.2890196681980428,1.3808450771233736e-06,0.0029028834236618463,-0.0032765745332005076,-7.105427357601002e-18
noise_2023-03-10T03_31_47.880432Z_WS.POZA.S2.DNZ.MSEED,WS.POZA.S2.DNZ,-5.6593758018862555e-05,2.7319408916816885e-05,0.0002773956392459195,0.001155966747873133,-0.08896517420435264,-0.18660489295060678,1.3362591221883875e-06,0.003271282499762846,-0.003330261454022541,-1.4210854715202004e-17,-0.0001496385141425464,-0.00010679641484226522,0.0002773956392459195,0.001218172308648415,0.07631506556561443,0.192829842766582,1.4839437735578095e-06,0.0037702636431821476,-0.00405999209334298,0.0,3.475024547513357e-05,6.59728777733045e-05,-0.0003750280623615447,0.0011144293038768676,-0.07872845103085363,-0.21936123818051678,1.2419526733394795e-06,0.0028484369768187307,-0.003254125833547354,3.552713678800501e-18
noise_2023-03-10T03_31_47.880497Z_WS.POZA.S5.DN1.MSEED,WS.POZA.S5.DN1,9.441644509584339e-05,0.0001415502690577778,0.00035265046074387836,0.0020795946142603138,-0.13343860618099088,-0.19101961895676567,4.3247137596605035e-06,0.005342272013434083,-0.006018715929386203,-3.552713678800501e-18,-0.00010885313396801566,-0.00014631238084383577,-0.0007604211974837821,0.0018605121228166762,-0.07117478713650269,-0.41105317728473967,3.4615053591478147e-06,0.004152440184719894,-0.005289465713151985,1.4210854715202004e-17,-6.555843951760914e-05,6.47855231132934e-05,-0.0004533667891638046,0.0019873422394584127,-0.12290231561538217,-0.5204427771368083,3.9495291767355795e-06,0.004958455146898606,-0.004790502871564271,7.105427357601002e-18
noise_2023-03-10T03_31_47.880497Z_WS.POZA.S5.DN2.MSEED,WS.POZA.S5.DN2,0.0001629851407544239,0.0002574030833214052,0.0002574030833214052,0.001150817187700286,-0.0033848810166959504,0.09953811097111132,1.3243801995063953e-06,0.003826900857192948,-0.0033504736319289142,1.1102230246251566e-17,-0.00010292327223014862,-0.00012641378321408538,0.0002574030833214052,0.0012217725538815837,0.32264613085294697,0.12374530206703538,1.4927281734183273e-06,0.0041723387823496445,-0.0027363739662048794,-1.4210854715202004e-17,7.823825217093384e-05,0.00018064520056385226,0.0011785617328233602,0.0012514734911742687,-0.1922569190689384,-0.19567651653761908,1.5661858991119122e-06,0.0031744130991742166,-0.003465619606981146,-1.4210854715202004e-17
noise_2023-03-10T03_31_47.880497Z_WS.POZA.S5.DNZ.MSEED,WS.POZA.S5.DNZ,-1.8133272788638165e-05,2.067949521246078e-05,0.0005196606386317626,0.001102944294176842,-0.3649461393313144,0.25757654617082393,1.216486116057252e-06,0.00239962480574118,-0.003971169652144184,7.105427357601002e-18,0.000184059508847686,0.0001741220533995079,-0.0010920718809583753,0.0012188347400061215,0.09613240615452855,-0.06207890947084671,1.4855581234457897e-06,0.0038204326155250137,-0.0030118608341615106,-4.263256414560601e-17,8.040261854708564e-05,0.0001354685845435779,0.0005957962591069498,0.0011470905639136525,-0.09197487482336952,-0.2763097898402669,1.315816761819741e-06,0.0029759128868734573,-0.003050514303018556,-1.509903313490213e-17
noise_2023-03-10T05_20_27.819356Z_WS.POZA.S3.DN1.MSEED,WS.POZA.S3.DN1,-4.783590968438051e-05,4.2591391656155796e-05,-0.0010128935526715517,0.0020731787209969637,-0.14021949623635344,-0.28401448059597145,4.298070009194606e-06,0.004782747537655364,-0.005580335311550328,-3.375077994860476e-17,1.2960433069925916e-05,-7.256373431201407e-05,-0.0005907068956732049,0.0020284698413505927,0.03465862458224492,0.0133483791771285,4.114689897268899e-06,0.00566551809486264,-0.00538842230282464,-3.1974423109204506e-17,-8.406753373645023e-05,-7.256373431201407e-05,-0.0012432038046078218,0.001715404922069305,-0.08943467211417738,-0.14087889734670211,2.942614046659599e-06,0.0038615797372374364,-0.004889477763068741,-1.4210854715202004e-17
noise_2023-03-10T05_20_27.819356Z_WS.POZA.S3.DN2.MSEED,WS.POZA.S3.DN2,5.3729180600180806e-05,3.1159581191010734e-05,0.00026145153129551003,0.0012326845329748875,-0.018546868749358684,-0.29572790953190253,1.5195111578355162e-06,0.0037541914224094824,-0.003154530477060979,-2.842170943040401e-17,-0.00029646568348232823,-0.00029507972236037747,-0.00019913236891345372,0.0012495153893386068,0.01528035840549183,-0.22229056875335917,1.56128870819401e-06,0.002756265739234072,-0.004382729808509014,1.4210854715202004e-17,1.1663078970605639e-05,-0.000141563956845289,-0.0008516109760162649,0.0012329855682144532,0.25684692229927275,0.054247740166891045,1.5202534114251182e-06,0.003984483372513982,-0.0030393753510928093,7.105427357601002e-18
noise_2023-03-10T05_20_27.819356Z_WS.POZA.S3.DNZ.MSEED,WS.POZA.S3.DNZ,-0.00022083417103003466,-0.00036627428984762565,-0.0006731594062228351,0.0010730371471212529,0.33485116351002975,-0.26097104199602494,1.151408719102117e-06,0.0028958442181885803,-0.003014622565132297,-2.1316282072803006e-17,8.928846619144274e-05,9.405338471574624e-05,-0.0002514852005153932,0.0012584844347614174,-0.04352083192282501,0.01361762924377441,1.5837830725367643e-06,0.0037403639468401367,-0.0035522571774086443,-7.105427357601002e-18,-2.525230388535698e-05,1.733210562166505e-05,5.598557447871031e-05,0.0011424381991489345,0.4233836945088478,0.6162212993554781,1.3051650388746604e-06,0.004661604954585775,-0.0028225265380882048,-2.842170943040401e-17
noise_2023-03-10T05_20_27.820117Z_WS.POZA.S5.DN1.MSEED,WS.POZA.S5.DN1,7.387750419876851e-05,-2.3919423223488718e-05,-0.0006188341937160911,0.0018842657389600294,-0.01852341420322828,-0.12093437093362747,3.550457375018586e-06,0.0049081314296695756,-0.005877133501076482,-1.0658141036401503e-17,8.339615882848193e-05,-4.729952534104838e-06,0.0008396708142103147,0.0019162654725135297,-0.09931152388738453,0.08599710663116067,3.6720733611475013e-06,0.0054070942712572895,-0.005953895959291985,3.552713678800501e-18,6.846543035013646e-05,-7.170356872647903e-05,0.0030947878679201983,0.0018936474425519565,0.061028153672947644,-0.24927086128087916,3.5859006366835654e-06,0.005052255717434327,-0.005003756709348523,3.907985046680551e-17
noise_2023-03-10T05_20_27.820117Z_WS.POZA.S5.DN2.MSEED,WS.POZA.S5.DN2,3.415562788750309e-05,6.7318949830781e-05,-2.863755453208041e-05,0.001092610878896696,-0.0971880253309822,-0.015070756746209835,1.1937985326834106e-06,0.003464102336581927,-0.0031375605791105973,-4.263256414560601e-17,-5.197271956730398e-05,-2.86375545320717e-05,-0.0010649421790862677,0.0012412569229657852,-0.1958910971482685,-0.14465635311676106,1.5407187488104891e-06,0.002926760553615445,-0.0039819521949390965,0.0,-0.0001580599101185934,-0.00016297300027370086,-0.0004124544210675536,0.001351443015475906,-0.10280798794282783,-0.24160000277879812,1.8263982240786099e-06,0.003732773228065168,-0.003713281303455855,7.105427357601002e-18
noise_2023-03-10T05_20_27.820117Z_WS.POZA.S5.DNZ.MSEED,WS.POZA.S5.DNZ,-2.2444315835122894e-05,-3.4143432408684476e-05,-0.000302375079927964,0.001181561805842777,-0.07995631974193024,-0.15974320771409722,1.3960883010264445e-06,0.002844954338777125,-0.0032201263199708183,0.0,4.087240878617348e-05,9.997239135039763e-05,-0.0013003373667665676,0.0012521149606611623,-0.009460940024601258,-0.03435109413788329,1.5677918747115039e-06,0.0038803987772349853,-0.003181472851113773,7.105427357601002e-18,-7.443674539881154e-05,4.316350530429077e-05,0.00038753077329764215,0.0012430057382969645,0.01220644306413612,-0.06695824481869961,1.545063265439182e-06,0.0038803987772349853,-0.003181472851113773,-1.4210854715202004e-17
noise_2023-03-10T05_20_27.820181Z_WS.POZA.S4.DN1.MSEED,WS.POZA.S4.DN1,0.00017664592814602264,5.123796956373731e-05,3.205764979028672e-05,0.0018671246384431752,0.3432912556649273,0.5943892404639217,3.486154415481558e-06,0.006863985062839445,-0.004688936478267346,-2.1316282072803006e-17,-6.025005496136947e-05,-8.3097476177918e-05,-0.0031920662553361055,0.0028492660847192768,-0.09917643155364132,-0.04601129396468773,8.118317221531516e-06,0.007209377233416558,-0.009870477902870156,-1.7763568394002505e-18,-0.00018890461209833102,-0.0002174695255832542,-0.001042699123470178,0.0018870877134485734,0.06589492777008846,-0.03931250799580299,3.5611000382485652e-06,0.006057972388389792,-0.004842452243782452,-7.105427357601002e-18
noise_2023-03-10T05_20_27.820181Z_WS.POZA.S4.DN2.MSEED,WS.POZA.S4.DN2,-0.0001217893786585531,-0.00014391116884617477,-0.00014391116884617477,0.0012100741397761282,0.06864635246427775,0.019324399271337445,1.4642794237549364e-06,0.0034639655464042316,-0.003751787884096442,1.5987211554602253e-17,-2.2442490944475045e-05,-1.3379130985553403e-05,-0.0006083350805998882,0.0012204765169911561,-0.07411483986923484,-0.10133030306912838,1.4895629285268637e-06,0.003460162138523058,-0.003218249509010994,3.552713678800501e-18,-0.00011088763629449029,-2.8756042877970035e-05,-0.0005660978258444518,0.0012041504213396417,-0.04586400159282372,-0.27466393846068105,1.4499782372124365e-06,0.0029650576103120124,-0.0032911673802237624,7.105427357601002e-18
noise_2023-03-10T05_20_27.820181Z_WS.POZA.S4.DNZ.MSEED,WS.POZA.S4.DNZ,-7.4988099941694995e-06,-5.064076650668199e-05,-0.00047231497221412387,0.0012116193901375207,0.3175752951450031,0.23601674759440217,1.4680215465572179e-06,0.003826419291518846,-0.0028524315999806315,1.1546319456101627e-17,-2.8931390702068925e-05,-6.354147245299373e-05,-0.00029429096835301605,0.0013070653975572498,-0.10410093268240303,-0.27084313879719923,1.7084199534914914e-06,0.0030837879462520946,-0.003287006511632154,3.552713678800501e-18,-2.5598003956901295e-05,-0.00020408332469484437,-0.0008178535574452633,0.0012747275672206502,0.5985835009110314,0.8045769651334265,1.6249303706322774e-06,0.004593632082456312,-0.003580990922062167,3.552713678800501e-18
noise_2023-03-10T05_20_27.820891Z_WS.POZA.S6.DN1.MSEED,WS.POZA.S6.DN1,0.0001159997424934291,0.0001473769886668609,-0.0008889459377190622,0.0018349306119980755,-0.08432165739517879,0.6034216449036238,3.366970350847632e-06,0.006518610690516117,-0.0053029085347464835,7.105427357601002e-18,-0.00021362942635227812,-6.375294349588885e-05,0.0009148826089148893,0.0018363752036934765,-0.1480654614779944,-0.29320905779034945,3.372273888740257e-06,0.0051752562330999825,-0.004842288030873943,-2.3092638912203255e-17,6.502753024416052e-05,0.0001473769886668609,-0.0003516041547527198,0.0018578014065818015,-0.16661390525267306,-0.33384072109302076,3.4514260662973204e-06,0.003947130108979414,-0.005916971596806908,7.105427357601002e-18
noise_2023-03-10T05_20_27.820891Z_WS.POZA.S6.DN2.MSEED,WS.POZA.S6.DN2,-3.977781395638918e-05,-0.00010379850652905915,0.0009133169333018781,0.0011903259965675094,-0.06569332611008961,0.03218634480714311,1.4168759781044345e-06,0.003062693788015987,-0.003846016672809568,2.1316282072803006e-17,0.00011252088603226359,0.00010730082725867875,-0.00031489784031679707,0.0012368671070278109,-0.09270178310536392,-0.362637162698618,1.5298402404473463e-06,0.0033697476244037177,-0.0029632369646863752,-2.842170943040401e-17,-2.8570337775558326e-05,-6.541670548906251e-05,-7.84400392906672e-06,0.0011460454067393586,0.30492652624309474,0.19066043730922955,1.3134200743083818e-06,0.003292984022323723,-0.0028097100464925108,-1.4210854715202004e-17
noise_2023-03-10T05_20_27.820891Z_WS.POZA.S6.DNZ.MSEED,WS.POZA.S6.DNZ,3.172244442716309e-05,7.421314855540744e-05,-0.00025199870224832467,0.0012153956119388843,-0.1385679335595527,-0.43814607816927875,1.4771864935202951e-06,0.0025878599414626605,-0.00316916428367117,1.7763568394002505e-17,-7.268363793803034e-06,-2.508130538116119e-06,-0.0007509798456676265,0.0012357706562427437,0.33435772256272606,0.33933143084194395,1.5271291148306214e-06,0.004315552867621703,-0.003361260310715262,3.552713678800501e-18,-5.056493418200696e-05,5.4886414126884806e-05,-0.0005975372874794642,0.0012081171972861873,-0.2738712769169371,-0.4282455804286682,1.4595471623786321e-06,0.0025111386623685793,-0.0035147028689034242,1.7763568394002505e-17
noise_2023-03-10T05_20_27.821082Z_WS.POZA.S2.DN1.MSEED,WS.POZA.S2.DN1,0.00011761217999924569,0.00022920503741710556,-0.00032731706532282683,0.002067716023630504,-0.26488839844518497,0.05372035151176613,4.275449554378344e-06,0.005429926781793367,-0.005969405786470957,1.7763568394002505e-18,0.0002583957271364709,0.00042115464980647444,-0.0009414533347106123,0.0028336817321559958,0.039413522127380377,-0.2642766493559896,8.029752159154605e-06,0.008538895560951556,-0.007082523199278183,-1.2434497875801754e-17,-0.0002620626891604121,-0.00011618713316000744,-0.0012101242261937835,0.0018681408077492916,-0.17531727676415546,-0.4619526249638475,3.4899500775781755e-06,0.004432037702281707,-0.004933082860084893,3.907985046680551e-17
noise_2023-03-10T05_20_27.821082Z_WS.POZA.S2.DN2.MSEED,WS.POZA.S2.DN2,8.348500001278496e-05,8.317602848757653e-05,-0.0005309327881523784,0.00116215381089224,-0.12965395853183131,-0.5512696276865579,1.3506014801713566e-06,0.002885040069288173,-0.0029873589037962434,-2.842170943040401e-17,7.534833500751204e-05,0.00015994306216104967,-0.00022387380437444086,0.0012478740689685003,-0.15253331809515622,-0.024375807960468787,1.5571896920040014e-06,0.0033456239694971018,-0.0037549926368672074,3.552713678800501e-17,-6.789259909152275e-05,-7.034888794343217e-05,-0.0003006408380478966,0.0013175771758930598,-0.1858932327990034,-0.1648864813210511,1.736009614434331e-06,0.003575915919601584,-0.0038701386119194396,-3.907985046680551e-17
noise_2023-03-10T05_20_27.821082Z_WS.POZA.S2.DNZ.MSEED,WS.POZA.S2.DNZ,-0.00011363427335467442,-0.00011286120397745323,-0.00011286120397745323,0.0012681911489137014,0.014678709269721766,-0.03291373283083798,1.6083087901830538e-06,0.0036868919163350997,-0.0036057292079147967,3.552713678800501e-18,-4.2741468837468586e-05,-7.537905235931134e-05,-0.0006118423473967552,0.0011627463953949758,0.05661258413742957,-0.10555606713883536,1.3519791800040094e-06,0.003302699862246915,-0.0029919589751632625,2.842170943040401e-17,0.00010989522309043978,1.9278853536638963e-06,1.9278853536638963e-06,0.0011505780206124926,0.20415503834745186,-0.47196862292527975,1.3238297815165614e-06,0.0031106038352028227,-0.0030306124440203077,3.552713678800501e-18
noise_2023-04-28T08_08_16.707897Z_WS.POZA.S2.DN1.MSEED,WS.POZA.S2.DN1,-0.0001075729787302918,-0.0001751123019949257,-0.0004246028737046463,0.0018855075453600794,-0.05631486782618694,-0.1573394696267445,3.555138703609792e-06,0.005716466990863063,-0.005759660063822563,1.4210854715202004e-17,-6.719123128907253e-05,-2.4162167063691697e-06,-0.0013457706741225042,0.0021356563946891183,-0.008500216265599539,-0.46877624633625814,4.561028236176523e-06,0.005639745711769122,-0.005759660063822563,-3.552713678800501e-18,4.2425028289546407e-05,0.00018953339568299966,0.0005349255662601127,0.002738850335981496,0.03489093706826144,-0.12420485413399662,7.501301162905953e-06,0.00786583412272899,-0.007103014521238838,-1.7763568394002505e-17
noise_2023-04-28T08_08_16.707897Z_WS.POZA.S2.DN2.MSEED,WS.POZA.S2.DN2,0.0001529839662283237,8.665732234177744e-05,6.74678516523979e-05,0.0012766293685604743,0.1374815688287567,0.22010645362831482,1.6297825446711155e-06,0.003982403550680637,-0.004039371705185644,1.0658141036401503e-17,-0.0001018708357915352,-4.767812339985174e-05,0.00010584679303115697,0.001964536239482284,-0.14982234090896815,-0.0084442649927996,3.859402636239194e-06,0.004865183258803833,-0.0059968441301577234,3.1974423109204506e-17,0.00016019960984783356,0.00018261382670463013,-0.0007769329150920215,0.0011466590007343817,-0.02901300211586965,-0.0633324911768689,1.314826863965171e-06,0.0033682947340406997,-0.0030798341143048955,3.552713678800501e-17
noise_2023-04-28T08_08_16.707897Z_WS.POZA.S2.DNZ.MSEED,WS.POZA.S2.DNZ,-0.0002221779395087369,-0.00011815559823015633,-0.0013843495325880396,0.0014548920895438623,0.03331683862639339,0.165997432844446,2.1167109922173055e-06,0.004603424188446928,-0.004493025482436083,0.0,2.152163977606282e-05,0.0001512473665274689,-0.0019219841448643866,0.0023894297527796743,-0.1775389083864034,0.11857923279613125,5.709374543468735e-06,0.006791444789169343,-0.007218680695434845,-4.9737991503207014e-17,-0.0001063674615458403,-9.88288638016337e-05,-0.0008467149203116923,0.001220566632512321,0.02253815065577391,0.13079853984377499,1.4897829044024672e-06,0.003298576785232,-0.0036485057537856413,2.1316282072803006e-17
noise_2023-04-28T08_08_16.708092Z_WS.POZA.S3.DN1.MSEED,WS.POZA.S3.DN1,9.105821661650191e-05,6.63221927681849e-05,-0.0005093802297451982,0.0018132880922918679,-0.0008786569765566481,0.06641331518044824,3.288013705647482e-06,0.005017589969098407,-0.005076821988624044,-3.552713678800501e-18,0.0002307670801877866,0.00031581276447797523,-0.0016992189216463664,0.0017749917367180822,0.01972055235052423,-0.3203365194314771,3.1505956654174735e-06,0.004748919077615166,-0.004808151097140803,-7.105427357601002e-18,5.421252950236983e-05,0.0001239180575841277,0.0009107321104285595,0.0018777986707942738,0.09557663487160024,0.22140371326173147,3.5261278480367415e-06,0.005516534508854307,-0.004692995971172599,-7.105427357601002e-18
noise_2023-04-28T08_08_16.708092Z_WS.POZA.S3.DN2.MSEED,WS.POZA.S3.DN2,-0.00013040917885558177,-8.925926692814936e-05,-8.925926692814936e-05,0.0012507839777588902,0.03726702969683984,-0.35602538202405576,1.5644605590183518e-06,0.003134791430870742,-0.0030830363164544516,3.552713678800501e-17,-2.675935933691118e-06,-1.250138417063127e-05,0.00048646145741710895,0.001339784685170461,0.07273163874821295,-0.19048347708702895,1.7950230026173112e-06,0.003902443465773563,-0.003390086149316469,-8.881784197001253e-18,-4.213183030554574e-05,-8.925926692814936e-05,-0.0002811722756538722,0.0013276086286805675,-0.07306060664596216,0.06436408308182395,1.7625446709470973e-06,0.003748909398426617,-0.00392742793228295,2.1316282072803006e-17
noise_2023-04-28T08_08_16.708092Z_WS.POZA.S3.DNZ.MSEED,WS.POZA.S3.DNZ,2.8704460326947657e-05,-2.0076217369690995e-05,-0.0008072014013551314,0.0013845566041181718,0.017460272471586696,-0.2876575353391493,1.916996990007244e-06,0.0034534650521385723,-0.0036470600450661163,2.842170943040401e-17,-0.00016166738774278604,-0.00011612423089173717,-0.0005764519054551091,0.001262043832488984,0.034958352854907816,-0.16611440301078995,1.5927546351234827e-06,0.003530186331232653,-0.003992598630298371,5.5067062021407764e-17,-6.756844610482074e-05,-2.0076217369690995e-05,-0.00030822025793582954,0.0011947523567067111,-0.30425529506563925,0.14338765117655727,1.4274331938562403e-06,0.003107926466907433,-0.0036089922348290808,-2.4868995751603507e-17
noise_2023-04-28T08_08_16.710394Z_WS.POZA.S5.DN1.MSEED,WS.POZA.S5.DN1,-0.0003002115967710773,-0.00034427407136921207,-0.00036346354205859594,0.0019189557208479945,0.00757704349796295,-0.06156375964500249,3.6823910585752464e-06,0.004933212418951582,-0.006389396582489941,-4.263256414560601e-17,3.370910456753659e-05,-3.7219663049234547e-05,0.0009415119739788496,0.0017318772451602436,0.12235619689578761,-0.18290418439670253,2.999398792303835e-06,0.004587776781523853,-0.0047773620826745584,-2.842170943040401e-17,7.992096459936633e-05,0.00019306999932625855,-0.0023209313915727157,0.0021344293551935093,-0.19405553309776644,0.4633768926712638,4.555788672311779e-06,0.006314954968662488,-0.007157030315560897,8.881784197001253e-19
noise_2023-04-28T08_08_16.710394Z_WS.POZA.S5.DN2.MSEED,WS.POZA.S5.DN2,-1.4523256780832467e-05,7.583745526620236e-06,0.0008711694075024678,0.0012111548109881548,0.18904517760477263,-0.10864854077933028,1.4668959761797528e-06,0.0033659836154410296,-0.003427583158061262,2.1316282072803006e-17,0.00017078407177708595,0.00018030270810495984,0.00018030270810495984,0.0012057984436034713,-0.3964688080248418,0.5333443458365172,1.453949886596554e-06,0.0037498004819765023,-0.0037346329909232795,1.4210854715202004e-17,0.00020118216994691123,0.00018030270810495984,-0.00035703907486152195,0.001214653884665426,-0.019566516002799773,0.14972592391538653,1.4753840595328097e-06,0.003557896624166735,-0.0037346329909232795,-7.105427357601002e-18
noise_2023-04-28T08_08_16.710394Z_WS.POZA.S5.DNZ.MSEED,WS.POZA.S5.DNZ,-4.770487617361597e-05,-0.00011716398839153271,-0.0007121931453328808,0.001257162503265103,0.2948405235656083,0.39835046564473453,1.5804575596157803e-06,0.0042003113511493925,-0.0032457523312875505,7.105427357601002e-18,-4.622433118465028e-05,-9.842291258246177e-05,-0.0005200971182887883,0.0011516249684155812,-0.05268925490695939,0.11904796861784295,1.3262400678781886e-06,0.0033944450913548814,-0.0037447334747068525,1.4210854715202004e-17,-3.146104871595541e-05,-0.00013590506420060365,-0.0012111742887521827,0.0011493227816446808,0.13290132189406326,-0.09005452720530993,1.3209428564074666e-06,0.002856810479078534,-0.0034753305099497847,-8.881784197001253e-18
noise_2023-04-28T08_08_16.710864Z_WS.POZA.S6.DN1.MSEED,WS.POZA.S6.DN1,-2.0727432336487675e-05,3.6222597437354843e-05,5.5476124538236896e-05,0.002467833770638876,0.04974062683046987,-0.030950186489899334,6.0902035195056925e-06,0.0068106090511662306,-0.008158239592801738,7.105427357601002e-18,-0.00017564233629245493,-0.00017483412739817256,0.0003625076555681699,0.0019366393586436026,-0.022508668582711933,0.22233113576824604,3.750572005447505e-06,0.005428893954203055,-0.0061624614337781386,2.6645352591003756e-17,1.4586611074202844e-05,7.465644431161778e-05,-0.0010192074413947268,0.001883920038588227,-0.2011125360176333,0.19378617773469298,3.5491547117942674e-06,0.004929912810783474,-0.005471530677969189,-1.4210854715202004e-17
noise_2023-04-28T08_08_16.710864Z_WS.POZA.S6.DN2.MSEED,WS.POZA.S6.DN2,-4.074634404418354e-05,5.0047953956310474e-06,5.0047953956310474e-06,0.0012050805152784671,-0.05682095085065741,-0.03468518391598563,1.4522190483038156e-06,0.003536123627888402,-0.0037180226133479415,1.4210854715202004e-17,8.622041244071869e-05,4.338659643562715e-05,-0.000493957474259838,0.0012925096692947824,0.18333957404783846,0.31326158853150243,1.670581245220508e-06,0.004265376131851608,-0.003564495695154076,1.4210854715202004e-17,-0.00014130646316462181,-0.00014852240876435662,-0.0009161567137675588,0.0011983317150314706,0.32374020118093955,0.19568774158813573,1.4359988992502656e-06,0.00472595660046708,-0.0024898074107800833,1.4210854715202004e-17
noise_2023-04-28T08_08_16.710864Z_WS.POZA.S6.DNZ.MSEED,WS.POZA.S6.DNZ,-9.634465280802114e-05,-8.4118443477214e-05,-0.00046772483894650464,0.0011854925393986972,0.07404151894138829,-0.3448992707919718,1.4053925609699716e-06,0.003332028281366048,-0.003576986447413442,0.0,-0.0001499277311809651,-0.00014151298814277257,-0.0011588020094098989,0.001112425101778638,0.11579957397485678,-0.23991577444903545,1.237489607067213e-06,0.0032166535334160373,-0.002693813249905956,7.105427357601002e-18,-0.0001006363591683296,-0.00012218625371424993,-0.0005830995868965159,0.0012355808168026394,-0.08916514505741609,-0.03433411102108419,1.5266599548506774e-06,0.003255307002271967,-0.0037684968158386407,-3.552713678800501e-18
noise_2023-04-28T08_08_16.711406Z_WS.POZA.S4.DN1.MSEED,WS.POZA.S4.DN1,3.6192720574419626e-05,-9.648004034771646e-05,-0.0018620211547622678,0.00204518113540928,0.08741541322587267,-0.29546770719256354,4.182765876633991e-06,0.005507248041253372,-0.004894195447499152,1.4210854715202004e-17,0.00026663825965173894,0.0002873459771036595,0.0014004633899108861,0.0017502856209650772,-0.1300539402250804,0.12408076045672045,3.063499754957106e-06,0.005046700744708194,-0.005738568761495845,-3.552713678800501e-18,0.00019923890879709549,0.00032577982397792246,-0.00024999580586282236,0.0019197171382318568,-0.0493611621818692,0.13259293810904893,3.6853138908211102e-06,0.005852713419157847,-0.00539310338359137,6.217248937900877e-18
noise_2023-04-28T08_08_16.711406Z_WS.POZA.S4.DN2.MSEED,WS.POZA.S4.DN2,-0.0001320892525627083,-0.00017417204546288454,-0.00019335236523633514,0.001184887105123399,0.12098000200086595,0.022277297984230948,1.4039574518877091e-06,0.0033378030709201294,-0.003302247937067161,1.4210854715202004e-17,-0.00012072542554822038,-3.983659972136863e-05,0.00015211301266813962,0.0011072955411926251,-0.09237895925227041,-0.43243766477604595,1.2261034155450687e-06,0.002454995910049173,-0.0028032667936475804,-2.842170943040401e-17,1.63271577546591e-06,-7.819723926826981e-05,-7.819723926826981e-05,0.0015543996671765572,0.16349923390026383,-0.09610763489383167,2.416158325318592e-06,0.004182176384916684,-0.004492086628968329,1.5987211554602253e-17
noise_2023-04-28T08_08_16.711406Z_WS.POZA.S4.DNZ.MSEED,WS.POZA.S4.DNZ,-0.0001698896964973336,-0.00014055054231770442,5.154548472638794e-05,0.001368462972626822,0.008319245339585364,0.47224490144788245,1.8726909074506383e-06,0.0046196827132153106,-0.0044392848060495595,2.1316282072803006e-17,3.858603080402505e-05,-5.84905993972825e-06,-0.0004087821898369839,0.001194035403492848,0.13885834992248364,-0.025861025444434027,1.4257205447943286e-06,0.003160221434574431,-0.0032105730233098176,1.0658141036401503e-17,-9.663551642817588e-05,1.2892015869342688e-05,0.0002436415117704803,0.0012274135688140023,-0.12701538568822898,-0.016304269122425552,1.5065440689087254e-06,0.00281585416658108,-0.003633418546255048,0.0
noise_2023-04-28T21_50_39.467995Z_WS.POZA.S6.DN1.MSEED,WS.POZA.S6.DN1,-4.3411374571719936e-05,1.1717256896899215e-05,-0.0016962096908698689,0.0018655729378415729,-0.007848572315151837,-0.574300055000847,3.480362386406837e-06,0.004943694902462558,-0.004613228857638548,4.263256414560601e-17,-0.00018005138697925704,-0.00019941267526612936,-0.00016105203571908873,0.0019676505235673167,-0.07264724879505191,-0.3251714158800234,3.871648582894735e-06,0.004444860173697701,-0.00515057064060517,1.4210854715202004e-17,2.9816450859575308e-05,0.00010761885576408248,0.00014597949531112308,0.0018896896401875646,-0.13359387128797157,-0.24272279708654754,3.5709269362322076e-06,0.004905334262915517,-0.004920406803323484,-1.7763568394002505e-18
noise_2023-04-28T21_50_39.467995Z_WS.POZA.S6.DN2.MSEED,WS.POZA.S6.DN2,-0.00010946309611341224,2.103477348465994e-05,0.00025132500779239693,0.0012169706562253028,-0.1509891752919776,-0.012198501231174053,1.4810175781134439e-06,0.0028996641321619747,-0.0037787559513727826,1.4210854715202004e-17,6.417584807788293e-05,5.941657452465713e-05,-0.00017087365978307883,0.0013436611677632938,-0.06591634415292441,-0.21234678237379612,1.8054253337550185e-06,0.0040127340745929035,-0.0033181753397742487,7.105427357601002e-18,5.445480409430255e-05,1.3463133236609206e-05,-0.0004087361062711105,0.001199328734762115,0.12610405479393255,0.07752681576495846,1.4383894140260956e-06,0.003352672960529396,-0.003133838260788438,0.0
noise_2023-04-28T21_50_39.467995Z_WS.POZA.S6.DNZ.MSEED,WS.POZA.S6.DNZ,7.872785420364972e-06,-5.816608046206398e-05,0.0005942576211454003,0.0012221465774468476,0.25773472331082825,0.1671372482087028,1.4936422567650437e-06,0.004509385489407964,-0.002783235634841932,1.4210854715202004e-17,-3.067292225022831e-05,-5.816608046206398e-05,-5.816608046206398e-05,0.0012882183936564818,-0.11793868428905095,-0.08208747373979763,1.6595066297548865e-06,0.0032812593652871173,-0.003550448425780513,1.4210854715202004e-17,8.047025633122187e-05,0.00012050587952878573,-7.100448889641257e-05,0.0011600158215780913,-0.12259196717040578,-0.09341200723113818,1.3456367063114939e-06,0.0033832100461838855,-0.003218333907601501,-2.1316282072803006e-17
noise_2023-04-28T21_50_39.468683Z_WS.POZA.S3.DN1.MSEED,WS.POZA.S3.DN1,6.245814493259788e-05,-2.2757526771767654e-05,-0.0013852923039614578,0.0018123004407030175,0.1677874719129468,-0.20501828399829192,3.2844328873723513e-06,0.004986051208878841,-0.00460937960542403,-1.0658141036401503e-17,3.482193960282548e-05,0.0001883541035592462,-0.0013085344212039047,0.002016594713573718,-0.1425930584090547,-0.017993417921723154,4.066654238813465e-06,0.005600187478266557,-0.0057608210541145455,2.1316282072803006e-17,0.0002049295602098823,0.00014997516218050457,-0.0003490059812390761,0.001760572090997456,0.1408252204325536,0.8316777145020122,3.0996140875991546e-06,0.005715306000571011,-0.00610624982835534,-2.4868995751603507e-17
noise_2023-04-28T21_50_39.468683Z_WS.POZA.S3.DN2.MSEED,WS.POZA.S3.DN2,0.00019160397190473062,0.00018515433315524583,-0.0013501131329866467,0.0012305612820610768,-0.10305418246043337,-0.0973556611088151,1.5142810689078008e-06,0.003255689265439101,-0.0035378775080632256,3.552713678800501e-18,-8.013840620605235e-05,-8.351655832799509e-05,-0.00016027444108551318,0.0013717479833938583,0.07400188798301426,0.11308989999924712,1.881692529945117e-06,0.004675819907444699,-0.003883306282303985,1.4210854715202004e-17,3.500647073627187e-05,-6.758675570442137e-06,-0.0006592372826732534,0.0011996241969228047,0.17539131722831364,-0.2209989011040947,1.4390982138426842e-06,0.003409223332786012,-0.0032308093733693683,1.7763568394002505e-17
noise_2023-04-28T21_50_39.468683Z_WS.POZA.S3.DNZ.MSEED,WS.POZA.S3.DNZ,-7.955378436380561e-05,-0.00011760753879448772,0.0008993886531631915,0.001240654799776959,0.10195744354844517,-0.017708070232188344,1.5392243322096063e-06,0.003778486424350116,-0.0031305283044304895,4.440892098500626e-18,0.0001657692406128807,0.00013217586222461023,-0.0008277186143769575,0.0012880982151576164,0.11323295637709381,-0.1817198894810126,1.6591970118922374e-06,0.004238814098912373,-0.00282364318805528,-2.1316282072803006e-17,0.00016776985045554915,0.00018957040689072642,-0.0010578824516580857,0.0012051234184654452,0.037194597842082906,0.1462802778302419,1.4523224537338406e-06,0.0039699967927741995,-0.0029384322773863976,3.552713678800501e-18
noise_2023-04-28T21_50_39.469035Z_WS.POZA.S2.DN1.MSEED,WS.POZA.S2.DN1,8.418167309956034e-05,6.0047559896979836e-05,-0.00013182884516502725,0.0019852143596239312,-0.001734860692808177,-0.0037969033721800827,3.941076053657056e-06,0.005126433858531726,-0.004929544252316462,-1.4210854715202004e-17,0.00016540022472899836,9.848140677124277e-05,-5.503435874386312e-05,0.0017235595672690468,0.06944646837794155,-0.17705137709904584,2.9706575819246635e-06,0.005164867705405988,-0.004468996955771284,-1.0658141036401503e-17,-0.00020644438869414267,-3.585403897034283e-05,0.00032871845138015106,0.0017422275179698095,-0.1437818277315727,-0.1879033791124023,3.0353567243712426e-06,0.004665886561986408,-0.004929544252316462,-1.4210854715202004e-17
noise_2023-04-28T21_50_39.469035Z_WS.POZA.S2.DN2.MSEED,WS.POZA.S2.DN2,3.518463976337056e-05,4.900072922675593e-05,-0.0010448814583115162,0.0012569298856035132,-0.0369446050160319,-0.24848345349837953,1.5798727373232606e-06,0.003484163057356678,-0.0031558696487987018,7.105427357601002e-18,-0.00017146273453670123,-0.00010452418720425277,-0.0013903102325523102,0.0011793430091370973,-0.14140148213508605,-0.45224786549310014,1.3908499332005438e-06,0.002524625466475947,-0.003693220582681104,1.4210854715202004e-17,-0.00018589431460502975,-0.00014290770404098936,-0.0013903102325523102,0.0012640424332367975,-0.11074008993374276,-0.2725730354210869,1.597803273023204e-06,0.0028700633916326434,-0.003693220582681104,2.1316282072803006e-17
noise_2023-04-28T21_50_39.469035Z_WS.POZA.S2.DNZ.MSEED,WS.POZA.S2.DNZ,-4.199953868321799e-05,-0.00011536616520753796,-0.00030746219225163035,0.0012364802738301386,0.20518196499363617,0.17661633038786917,1.5288834675710545e-06,0.003952618602624295,-0.003340002521625602,0.0,-9.582162802275695e-06,-5.770758764208495e-07,-0.00023015525453865508,0.001162691130564139,-0.22292858358739462,0.6288430595828212,1.3518506650925153e-06,0.00333884836987276,-0.004184522250276043,3.552713678800501e-18,4.04565096082515e-05,-5.770758764208495e-07,-0.00015401963406346797,0.0011555926795342362,-0.043082257944447686,-0.22201987789836153,1.335394440993116e-06,0.003108098873972738,-0.003340002521625602,2.842170943040401e-17
noise_2023-04-28T21_50_39.469607Z_WS.POZA.S5.DN1.MSEED,WS.POZA.S5.DN1,-0.0001239092838496322,-0.00017994646400557116,-0.0005445738598516604,0.0019075271255454848,-0.14266632147542443,-0.09903520065227278,3.6386597346918195e-06,0.0045601959556197565,-0.005495814183434113,-3.552713678800501e-18,-0.00013005034456328406,-0.00023751945153168292,-0.0027707126008490296,0.002067041828694885,0.264158809605208,-0.01569893005230316,4.272661921574296e-06,0.006978245417613843,-0.004536272017095413,0.0,-0.000365100029723242,-0.0003334736681655556,-0.0009283907263871424,0.001814134383707211,0.15236167816449464,0.48894838310012423,3.291083562148742e-06,0.005865176047115158,-0.006186685458289564,3.552713678800501e-18
noise_2023-04-28T21_50_39.469607Z_WS.POZA.S5.DN2.MSEED,WS.POZA.S5.DN2,-0.00019734834773276592,-0.00012580235083702458,-2.9845846474180588e-05,0.0011943313300754037,0.15329006639966777,0.027989493539571697,1.4264273259996828e-06,0.0031558350608618894,-0.0031003899296739206,-2.842170943040401e-17,-2.938943539162739e-05,8.533094904595888e-06,-0.000260137796578645,0.0012402013248960487,0.13098343923453729,-0.40599864955452913,1.5380993262739146e-06,0.0037315557852071477,-0.0029084769209482327,1.7763568394002505e-17,-1.7721431931879598e-05,-2.9845846474180588e-05,-0.0005671967803565826,0.0010737119859416354,-0.16015219204724387,-0.07157106225772525,1.1528574287547307e-06,0.0029255431107574246,-0.0031771478124314736,1.4210854715202004e-17
noise_2023-04-28T21_50_39.469607Z_WS.POZA.S5.DNZ.MSEED,WS.POZA.S5.DNZ,6.260790850790118e-05,0.00013292442494431157,-2.05181332438508e-05,0.0012349982713997871,0.07427142790390369,0.019492899879689052,1.5252207303604621e-06,0.003779234987068702,-0.0035895217576552662,2.842170943040401e-17,-7.832966684610655e-05,-0.0001353072225749679,-0.0001353072225749679,0.0011623061570540394,0.014129932062855155,0.11412083280543328,1.350955602725729e-06,0.002973368727273075,-0.003820271253556404,-1.4210854715202004e-17,0.0002783130058026815,0.0001909046282287642,0.000901308533120681,0.001187684257091982,0.1739420662869257,-0.21153031563414393,1.4105938945441335e-06,0.0034336964018364478,-0.0027836554978607547,-5.1514348342607266e-17
noise_2023-04-28T21_50_39.470039Z_WS.POZA.S4.DN1.MSEED,WS.POZA.S4.DN1,-0.00010259753495472397,-5.0253710219679354e-05,0.0010820440223611374,0.0019222363205218416,-0.15734347579780392,-0.35754440029991974,3.694992471933348e-06,0.00434445535970693,-0.005174180968174778,-1.2434497875801754e-17,5.890954241711798e-05,0.0002760313479113448,0.000544702239394516,0.0018083717276817547,-0.15494670239690658,-0.5025743832567824,3.2702083054786947e-06,0.004766642016705206,-0.004137931249116077,-7.105427357601002e-18,-0.0003124724006969841,-0.00033810492147644055,-0.001950130270375886,0.0031127368903967377,-0.07011450821967836,0.12493159904204365,9.689130948836754e-06,0.009103810127311464,-0.010240567266809384,-3.552713678800501e-18
noise_2023-04-28T21_50_39.470039Z_WS.POZA.S4.DN2.MSEED,WS.POZA.S4.DN2,-6.592548964499629e-05,-3.3990110807564375e-05,-0.00037945548871203916,0.0012414020220364512,-0.14033738209284957,-0.38506800462543733,1.5410789803161895e-06,0.0029597503350550568,-0.00333483529502762,-1.4210854715202004e-17,0.0001439464478041727,0.00011952565470754152,-0.00026430036274383446,0.0012496811486756656,-0.014522944234116715,-0.196955419153499,1.5617029733553309e-06,0.0032668550734126305,-0.00337319593457466,3.552713678800501e-17,-0.00019887848821637912,-0.00022586651586957148,-0.0008016421457103162,0.0011237456770965691,-0.05116928448099138,-0.03459013571889091,1.2628043467932268e-06,0.0027678739299930493,-0.003411556574121561,2.842170943040401e-17
noise_2023-04-28T21_50_39.470039Z_WS.POZA.S4.DNZ.MSEED,WS.POZA.S4.DNZ,2.0466569527857136e-05,0.00018786185865533528,-0.0007327934904702931,0.0012472438165889133,-0.13206862528970606,-0.5060756716395076,1.5556171380192788e-06,0.002952170540510027,-0.0032663526764249626,-7.105427357601002e-18,-9.299190342095869e-05,-4.171632000689897e-05,-0.0010010251379895727,0.0013443989986563173,-0.2281058505516925,-0.3481933375458026,1.8074086675881086e-06,0.002836210133941122,-0.00380398728870131,3.552713678800501e-18,-0.00013323367845221267,-0.00017641780238543278,0.0004186113545564729,0.0012102361838885658,-0.039980049767998814,-0.11683073953359768,1.4646716207931582e-06,0.0030669596298411447,-0.0032663526764249626,2.1316282072803006e-17
noise_2023-12-16T00_16_29.216875Z_WS.POZA.S3.DN1.MSEED,WS.POZA.S3.DN1,-0.0001266037560638777,-0.0002744682087345479,-0.0014259096574250644,0.0019193804155185276,0.3417273130476854,0.17922396800067242,3.6840211794760754e-06,0.00578984377307554,-0.005072183615885983,-4.618527782440651e-17,-0.00013028857368020417,-0.0002552695871292569,-0.0014259096574250644,0.0019210535422496248,0.2594067594154638,0.0010708761176432269,3.690446712189831e-06,0.00578984377307554,-0.005072183615885983,7.105427357601002e-18,-2.895996921958785e-05,-4.415795679824303e-05,-0.0008501706312480006,0.002154610255955415,-0.08208922125982554,-0.1408238283714942,4.642345355068259e-06,0.0055979673680135325,-0.006799327487089953,-1.4210854715202004e-17
noise_2023-12-16T00_16_29.216875Z_WS.POZA.S3.DN2.MSEED,WS.POZA.S3.DN2,1.9194368344085264e-05,5.328365316771383e-05,5.328365316771383e-05,0.0012033049748548853,-0.08402059198204086,-0.1407412234600396,1.4479428625105163e-06,0.0030854396440727926,-0.003055648522326723,1.7763568394002505e-18,9.994863910328153e-05,0.00016842047730404326,0.0006290043775129721,0.0011924067838493962,0.09547939561255286,0.03350996578916732,1.4218339381700609e-06,0.004160123210005756,-0.0029788723377373295,1.4210854715202004e-17,-4.006725599903536e-05,-6.187147280042119e-05,-0.0013668469888378843,0.0012366289671162194,0.11048003282347142,-0.3732434787430141,1.5292512023109275e-06,0.0029702845181046223,-0.003132406405084276,-1.0658141036401503e-17
noise_2023-12-16T00_16_29.216875Z_WS.POZA.S3.DNZ.MSEED,WS.POZA.S3.DNZ,2.9368401361079176e-05,-3.49603413536795e-05,-0.00038049892658593423,0.001121264880471685,0.13809297662592998,-0.2654547636913782,1.2572349321791823e-06,0.0033044651043955017,-0.0029134724539205945,-3.552713678800501e-18,5.4394765469744964e-05,6.108767216836668e-05,-0.0009562013490993172,0.0012530190991476306,0.022492725266759033,-0.13409867118039775,1.5700568628287398e-06,0.0035346289416766296,-0.003220357570296919,0.0,1.2337448719459937e-05,2.272703262132609e-05,-0.00038049892658593423,0.001104424460631914,0.013527253454838514,-0.2019283649840582,1.2197533892420943e-06,0.0033044651043955017,-0.0029134724539205945,1.4210854715202004e-17
noise_2023-12-16T00_16_29.218116Z_WS.POZA.S2.DN1.MSEED,WS.POZA.S2.DN1,0.00017294417414189845,0.00022420658023693826,0.0011645547004282466,0.0018915129590689247,-0.23342689758154428,-0.038821763863922776,3.5778212743256797e-06,0.005041102307161824,-0.005283546695169536,1.4210854715202004e-17,0.00017355882286257835,0.0002818207468846518,-0.0019443408714024397,0.001761733598461479,-0.17356516435993477,-0.17644102114414828,3.1037052719480317e-06,0.005233051919551193,-0.004784565551749955,2.6645352591003756e-17,-6.609502668185395e-05,0.00012823177404218413,0.0003969758728528565,0.0017947344442665557,-0.07333823005958999,-0.07185579963703725,3.221071725436783e-06,0.005616877937002569,-0.004899720677718159,-7.105427357601002e-18
noise_2023-12-16T00_16_29.218116Z_WS.POZA.S2.DN2.MSEED,WS.POZA.S2.DN2,-4.900401275505095e-05,1.6550879486256892e-05,0.0002660368757380697,0.001245218513704103,-0.08704614934050374,0.01951433869808694,1.5505691468714556e-06,0.003336571808021907,-0.0036488988232901694,2.4868995751603507e-17,-0.00012300391926455676,-7.940104941862698e-05,-0.00011777999079740346,0.0012189476567302522,-0.08790187715025782,-0.2540032557618339,1.4858333898481725e-06,0.0031446587992962015,-0.0033418489904281524,2.1316282072803006e-17,-0.0001583153638151302,-0.00011777999079740346,7.412386701238172e-05,0.0011896088052670759,0.07606045284244271,0.24790839865975522,1.4151691095689597e-06,0.003451717783074139,-0.003840811832015875,1.4210854715202004e-17
noise_2023-12-16T00_16_29.218116Z_WS.POZA.S2.DNZ.MSEED,WS.POZA.S2.DNZ,1.3317469382968321e-05,-7.012717065711854e-05,-5.138609484804761e-05,0.0011063423446819297,0.27290998164837876,-0.4321625245911975,1.2239933836363099e-06,0.0031345967927129707,-0.0027372165217519765,-2.842170943040401e-17,0.00016518109193373133,0.00017936340105197476,-0.0005878493898866066,0.00111264382206383,0.20830415279433132,0.6583147079138802,1.2379762747768077e-06,0.0039018095836515524,-0.002929312548796069,-3.1974423109204506e-17,-5.849833311781532e-05,-5.138609484804761e-05,-0.0008959058234996042,0.0012906314129400031,0.12610726020242097,-0.03388388141935694,1.665729444067509e-06,0.0039791165213645275,-0.0033521580717412987,-7.105427357601002e-18
noise_2023-12-16T00_16_29.218219Z_WS.POZA.S5.DN1.MSEED,WS.POZA.S5.DN1,2.7560760490439692e-05,9.290206476158281e-06,0.0025041044144147287,0.001976822707244414,-0.1703934864750224,-0.066020457027121,3.907828015877135e-06,0.00526758951383654,-0.005901496858902955,1.0658141036401503e-17,-6.593705748053386e-05,-0.000182618226791587,-0.0009118684430258054,0.0018536292786844957,0.03665498153963551,-0.013273542475743305,3.435941502796404e-06,0.004845389130464331,-0.0053257669836417765,-2.1316282072803006e-17,1.3743426502489955e-05,0.0001244361815283905,-2.9088734902618195e-05,0.0017156478305734699,-0.21741004691315471,-0.08535153232480441,2.9434474785514537e-06,0.0049221515886798345,-0.004596516767407549,7.105427357601002e-18
noise_2023-12-16T00_16_29.218219Z_WS.POZA.S5.DN2.MSEED,WS.POZA.S5.DN2,0.00010904180917643955,0.00015540265527040916,-0.00019002611897038472,0.0011811579651471176,-0.1267157856704903,-0.2997476073831282,1.3951341386304792e-06,0.002842129871934676,-0.0033757161772223748,0.0,-8.302021306414243e-05,4.026583113409715e-05,-0.0006122310778005546,0.0012665968514295092,-0.29066556568636037,0.12202974019784829,1.604267584051146e-06,0.0034178505962799343,-0.0037595330437578474,-3.552713678800501e-17,6.29838950031729e-05,7.86447725128562e-05,-0.0009960479443360277,0.0011702595606552274,-0.055954174392891194,-0.23059148093548076,1.369507439304966e-06,0.0036865214877631752,-0.0028767533356346517,-1.4210854715202004e-17
noise_2023-12-16T00_16_29.218219Z_WS.POZA.S5.DNZ.MSEED,WS.POZA.S5.DNZ,0.00013539665682666413,0.00010626833975006435,0.00012559507417802935,0.0012622719378868877,0.06921506060801333,-0.1419257278085646,1.5933304451767187e-06,0.004232233310865792,-0.0029842521929078023,4.263256414560601e-17,2.5925347756273878e-05,-9.106408199946827e-06,-0.00010515442172199301,0.0012559407951360719,0.13259253604834956,0.02312182912218308,1.5773872808870285e-06,0.00373325216744649,-0.003674158046133408,3.1974423109204506e-17,5.696993983419394e-05,0.00016307722579728646,0.0008928078651166106,0.0011423851403879206,-0.2271942562855648,-0.028244182784667338,1.305043808979129e-06,0.002735289880607886,-0.0035980224256593365,-1.0658141036401503e-17
noise_2023-12-16T00_16_29.218749Z_WS.POZA.S6.DN1.MSEED,WS.POZA.S6.DN1,-0.0002597530752171763,-0.00019285446248169452,0.0004597156537802144,0.0019592845670890146,-0.12989727213334837,0.10348145371806305,3.838796014833188e-06,0.004643221584216503,-0.0067560377767203195,-2.842170943040401e-17,6.587311696743084e-05,-7.762612918640684e-05,-0.00184324045092832,0.001868310703415834,0.14451254331032262,-0.06923810723992263,3.4905848844981688e-06,0.004873531836152912,-0.005220880121569539,2.842170943040401e-17,8.413805231932868e-05,0.0001526841227500026,-0.001536208919898108,0.0017411604742983428,-0.27702431600417465,-0.03415663720172368,3.0316397972588306e-06,0.004451418386481857,-0.005566272292146792,3.1974423109204506e-17
noise_2023-12-16T00_16_29.218749Z_WS.POZA.S6.DN2.MSEED,WS.POZA.S6.DN2,8.510343296594417e-05,7.389606144871414e-05,0.0002082320791225807,0.001249852261800239,0.12602017279857633,-0.06082875668759424,1.5621306763271728e-06,0.003854495742803098,-0.003361268554410187,0.0,0.0001961034299939416,0.0002082320791225807,-0.00017558478741289897,0.0012822392657231636,-0.05325458071469009,-0.3063317196793882,1.644137534562278e-06,0.0036242060804276073,-0.003591558788717924,1.4210854715202004e-17,-8.087390077662834e-06,5.470487496259413e-05,-0.0007513112310806052,0.001183267875014119,-0.18007712033349926,0.16423361966341288,1.4001228640404288e-06,0.0031636244679476427,-0.003553176987677927,-1.5987211554602253e-17
noise_2023-12-16T00_16_29.218749Z_WS.POZA.S6.DNZ.MSEED,WS.POZA.S6.DNZ,-8.850973618585616e-05,-9.30614749732257e-05,0.00027121818606754233,0.001166030251994063,0.18950667078210814,-0.1817547596196989,1.3596265485653378e-06,0.003265105046585584,-0.002875525574017537,2.1316282072803006e-17,2.07525373783917e-06,-5.4700835426185114e-05,-0.0003812055155388066,0.0012322937289442973,0.2779365047453741,-0.11254433962361121,1.518547834395441e-06,0.003994250027286014,-0.0029528325117305124,-5.773159728050814e-18,-0.00020534863068374037,-0.0001507488489482313,0.0005786889610627611,0.0011572769851528472,-0.18503992527972596,0.24891668578130188,1.339290020364463e-06,0.003150315957254467,-0.0038734878608572563,-1.4210854715202004e-17
noise_2023-12-16T21_16_29.216650Z_WS.POZA.S3.DN1.MSEED,WS.POZA.S3.DN1,1.4170976456414742e-05,4.8099058745149466e-05,-0.001583124911759622,0.001669327165685243,-0.04771497165423216,-0.1606298898593832,2.7866531860947272e-06,0.004941770970259464,-0.00473041772680096,-4.4408920985006264e-17,-5.046391930171627e-05,-4.785744561765966e-05,-0.0003165283371009006,0.0018762341972998963,-0.3549391580232863,0.019073536137275138,3.5202547631175863e-06,0.003828690161115848,-0.005728343409976371,-3.907985046680551e-17,-6.305104075671523e-05,-0.0001246153283752126,-0.001583124911759622,0.0016088341228909515,0.02865548003696292,0.05740459473833592,2.5883472349782975e-06,0.004481187070050535,-0.0046152626008328255,-1.5987211554602253e-17
noise_2023-12-16T21_16_29.216650Z_WS.POZA.S3.DN2.MSEED,WS.POZA.S3.DN2,-7.453453387079821e-05,-1.419500483934783e-05,0.0007342492575422451,0.001104435629870701,-0.10813954320939315,0.14010365816213266,1.219778060527892e-06,0.002998771515376342,-0.0031806955924019494,-1.9539925233402754e-17,-0.00010616017250612711,-0.00018691854287564754,-0.0009545522759466287,0.001234148597556718,0.1746247476069168,-0.1547344623140292,1.523122760851214e-06,0.0030371504567551187,-0.0030655404664337795,3.552713678800501e-18,-2.6787104392602916e-05,2.4183936539428646e-05,-0.0005323473171164415,0.0012835931760451212,-0.14525002599068182,-0.06288573845084677,1.6476114415896016e-06,0.003728026307068512,-0.003564503308021485,2.842170943040401e-17
noise_2023-12-16T21_16_29.216650Z_WS.POZA.S3.DNZ.MSEED,WS.POZA.S3.DNZ,-5.456835052799373e-05,-3.608730714545743e-05,-0.00013213532066806124,0.0014647907848193997,-0.11461502993260245,0.04304170521829409,2.145612043291833e-06,0.004243320222157875,-0.004238773557355823,1.0658141036401503e-17,0.00010711091047783379,0.00015571589058863025,0.0009425482452657389,0.0010941363228771596,0.062251340233339836,-0.4053969820950889,1.197134293039152e-06,0.002938472818942946,-0.0026651088480027217,-2.842170943040401e-17,8.869546086084566e-05,0.0001173552510421473,0.00029012454365827465,0.0011463520100861617,-0.07166046570980188,0.07004083501445235,1.3141229310285832e-06,0.0032072901250811197,-0.0034715607664172424,-2.842170943040401e-17
noise_2023-12-16T21_16_29.217000Z_WS.POZA.S6.DN1.MSEED,WS.POZA.S6.DN1,-5.7313016301464835e-05,-9.767836530138908e-05,0.00020935316572882271,0.001978318452951003,0.1240845466896775,-0.21382967016239673,3.913743901286449e-06,0.005429328437206037,-0.004780311853811982,-2.1316282072803006e-17,-2.384262622350119e-05,-9.767836530138908e-05,0.0010153658401786151,0.0019641006681864076,0.07656983422234222,-0.24830706247468814,3.857691434770292e-06,0.005429328437206037,-0.004780311853811982,1.0658141036401503e-17,0.00013874616261770744,0.00011345156686150006,-0.0006350201482677315,0.001882189748667658,-0.042131294043423737,0.061476665525703744,3.5426382499896215e-06,0.0050454292124272986,-0.0057014064469026165,0.0
noise_2023-12-16T21_16_29.217000Z_WS.POZA.S6.DN2.MSEED,WS.POZA.S6.DN2,9.346357560444826e-05,0.00017237690856521567,0.00017237690856521567,0.0012130063252737565,0.060521522660932664,0.6784777643916646,1.4713843451541423e-06,0.003933785403433477,-0.0031668334906598166,-1.0658141036401503e-17,4.525615017239015e-05,-5.791389767476529e-05,-0.0009023123766902069,0.0013417400594190351,0.20236226222016304,-0.18605928411092476,1.8002663870497957e-06,0.003588349766005752,-0.003128451689619819,-2.842170943040401e-17,-4.6245873625457e-05,-1.9532668567013114e-05,0.0004026665709407066,0.001123437444673416,-0.07230233274497226,-0.280565233329622,1.2621116920943347e-06,0.002552042853722572,-0.003128451689619819,-7.105427357601002e-18
noise_2023-12-16T21_16_29.217000Z_WS.POZA.S6.DNZ.MSEED,WS.POZA.S6.DNZ,-0.00023339124400764645,-0.00021877789014526798,-0.00037222044833343037,0.0011752681403202714,-0.3504886230356865,-0.2958236521412898,1.3812552016518692e-06,0.002276127826952356,-0.0033661073088503564,1.4210854715202004e-17,-0.00010151966407632248,-6.533533195822088e-05,-0.0007564125024216151,0.0012759733074266886,-0.015965229938711696,-0.3286479220256453,1.6281078812654028e-06,0.003504253951073204,-0.0031740112818062645,3.552713678800501e-17,-0.00010290416105171372,-4.600859752969825e-05,-0.00029549916923934916,0.0012032360780911007,-0.21466066132600198,0.047873139345384175,1.4477770596200536e-06,0.0033888792031231928,-0.0035195498670385194,-1.4210854715202004e-17
noise_2023-12-16T21_16_29.217923Z_WS.POZA.S2.DN1.MSEED,WS.POZA.S2.DN1,-0.00016782418295934766,-0.00019392933024425503,0.0006504439837522992,0.0018831925932160272,-0.012912795240316213,-0.08640022217064214,3.5464143431437056e-06,0.004757301842422287,-0.0050684392238169946,0.0,7.812461825180255e-05,-0.00013635176726022237,-0.0008464262391789416,0.0018503668543745659,0.1259557041499086,-0.09629113053332494,3.4238574957680256e-06,0.005064406580779721,-0.005260315628879002,2.1316282072803006e-17,4.434910003332039e-05,0.0001898966872071209,-0.0008847868787258428,0.003161803854970308,-0.09015747999408893,-0.6496585009313631,9.9970036173051e-06,0.007559165883222761,-0.007486477247166231,-7.993605777301126e-18
noise_2023-12-16T21_16_29.217923Z_WS.POZA.S2.DN2.MSEED,WS.POZA.S2.DN2,4.869626698219991e-05,0.00010918671291905232,0.0005505719915226901,0.0014322825473283736,-0.03544192307751036,-0.12119368259998486,2.0514332953814547e-06,0.003582727982427751,-0.004515814307112003,2.1316282072803006e-17,-1.6608573024266896e-06,-2.514873282256815e-05,-0.00010191576649604132,0.0011973903224709664,-0.11467515580785753,-0.007627972297597818,1.4337435843471247e-06,0.003007007258082493,-0.004055230406903057,-3.552713678800501e-17,2.2903714985153955e-05,-5.959262133179912e-06,0.0005505719915226901,0.0014490758744618963,0.06757916368851785,-0.06557323692980743,2.0998208899475098e-06,0.003582727982427751,-0.004515814307112003,-5.3290705182007515e-18
noise_2023-12-16T21_16_29.217923Z_WS.POZA.S2.DNZ.MSEED,WS.POZA.S2.DNZ,5.6408117970992986e-05,4.270839155471379e-05,0.00010068859483916642,0.0011800256366340052,-0.09648417662662545,0.8436917370571342,1.392460503113489e-06,0.003937923866769861,-0.00435148822708085,-1.4210854715202004e-17,8.229422893246737e-05,8.136186041120142e-05,-9.140743220492596e-05,0.0012553694717091276,-0.06368286792561607,-0.1931663705070612,1.575952510499254e-06,0.0034014605717324173,-0.0037377179943293166,2.842170943040401e-17,-0.00010940823551974602,-5.275396334899597e-05,-0.0007051776649553449,0.0011490006894215633,-0.187229575815829,-0.03711030504484558,1.3202025842912276e-06,0.00313205760697535,-0.004083256579561571,-2.4868995751603507e-17
noise_2023-12-16T21_16_29.219692Z_WS.POZA.S5.DN1.MSEED,WS.POZA.S5.DN1,4.884093998055429e-05,0.00016030052345892553,0.0010430802315821214,0.001823531379353542,-0.09007665750277466,0.07411445386373527,3.325266691487032e-06,0.005073161905662602,-0.005136377725280233,2.4868995751603507e-17,-2.7768972466521954e-05,6.775607027916833e-06,-0.0009527665593107746,0.001931641082517738,0.01336908654891731,-0.27758388829127645,3.7312372716702993e-06,0.004842869955558129,-0.0050212317502280005,-1.9539925233402754e-17,-0.00022673980811573335,-0.00030027880129206066,-0.0011062960511997435,0.0018487935210731619,0.004459394808433805,0.0934395559267589,3.4180374835621e-06,0.004842869955558129,-0.0055201945918157145,-1.4210854715202004e-17
noise_2023-12-16T21_16_29.219692Z_WS.POZA.S5.DN2.MSEED,WS.POZA.S5.DN2,-0.00011178978891930781,-0.0001151706131086874,-0.00023031658816091965,0.0011732713588477179,0.15037052422433975,-0.03580147755955876,1.3765656814923703e-06,0.0031088983865220614,-0.003032180628961516,-2.842170943040401e-17,-3.118775279739777e-05,-1.9214108745843428e-05,-0.0007292702788327223,0.0012925066551145146,-0.2512306180922907,0.21465841331185276,1.6705734535153108e-06,0.003185665420195535,-0.004682594070155658,-1.4210854715202004e-17,-0.00010365242844442568,-0.0001535495544874639,0.00015350942929047372,0.0012258829767552504,0.01150356991386941,0.08761243800576324,1.502789072698314e-06,0.00326242330295307,-0.004030106312136944,7.105427357601002e-18
noise_2023-12-16T21_16_29.219692Z_WS.POZA.S5.DNZ.MSEED,WS.POZA.S5.DNZ,-6.358112212014002e-06,-0.00010109425042703266,-0.000254536808615195,0.0012207693264726846,0.24397729506310475,0.0177086673149236,1.4902777484565723e-06,0.003430427222366241,-0.0036700978748395634,-1.4210854715202004e-17,8.359905167211534e-05,1.3694838904084462e-05,1.3694838904084462e-05,0.0010946388447707835,0.1587983122130934,-0.6181981029025616,1.1982342004811156e-06,0.0025859074937146843,-0.002097018824105355,-1.4210854715202004e-17,7.237783253134822e-05,5.234830776001445e-05,-0.000254536808615195,0.0013227488623344726,-0.09436553695102927,-0.375935208941248,1.7496645528071416e-06,0.0033531202846532656,-0.003516655316651401,-2.4868995751603507e-17
