File,Trace ID,P-Pick Time,Before Mean,Before Median,Before Mode,Before Std Dev,Before Skewness,Before Kurtosis,Before Variance,Before Max,Before Min,Before Z-Score,After Mean,After Median,After Mode,After Std Dev,After Skewness,After Kurtosis,After Variance,After Max,After Min,After Z-Score
34161341_2023-02-21T00.07.00.489723Z_WS.POZA.S5.DNZ.MSEED,WS.POZA.S5.DNZ,2023-02-21T00:07:22.443000Z,-7.80E-05,-0.000101815,-0.000101815,0.0011798796567957578,-0.244339769,0.482301827832885,1.3921160045204753e-06,0.0026999761426855914,-0.004131146,-1.78E-17,-0.00053118,0.003198957286104893,-0.055218147,0.07256379535655033,-0.139383961,-0.412399753,0.005265504396547316,0.16110189151639678,-0.196654704,0
34161341_2023-02-21T00.07.00.490024Z_WS.POZA.S3.DNZ.MSEED,WS.POZA.S3.DNZ,2023-02-21T00:07:22.444000Z,4.7646716744445575e-06,8.548951308805726e-05,-0.000202362,0.0010930607713032293,-0.171831455,-0.274712871,1.1947818497620106e-06,0.002638082604160687,-0.00327297,-3.55E-18,-0.00646934,-0.015075162,-0.136457596,0.1575984313969571,0.14361733437933816,1.214805287539277,0.024837265578781388,0.546660473438001,-0.503732316,-1.78E-17
34161341_2023-02-21T00.07.00.490032Z_WS.POZA.S2.DNZ.MSEED,WS.POZA.S2.DNZ,2023-02-21T00:07:22.442000Z,2.7043083468462694e-05,0.00012671749516007935,0.00035629567382231356,0.0011600178991481027,-0.000134723,-0.291552908,1.3456415263439777e-06,0.003542278561383332,-0.002828516,3.552713678800501e-17,-0.001584202,-0.007223884,-0.154244695,0.084623318912017,0.2071368313570683,1.092603215539774,0.007161106103684935,0.2754389777182829,-0.281556923,-2.84E-17
34161341_2023-02-21T00.07.00.490708Z_WS.POZA.S4.DNZ.MSEED,WS.POZA.S4.DNZ,2023-02-21T00:07:22.444000Z,9.016675309691544e-05,8.939368371955596e-05,-0.000965377,0.0012194890437360341,0.19244235636291554,-0.082456594,1.4871535277922272e-06,0.004215358654835841,-0.00269307,0,-0.001046402,0.0033714245848031786,0.021372813558145118,0.14712895421760572,-0.043583514,0.8931099118774033,0.021646929169166315,0.41405574630524405,-0.453448155,-1.78E-17
34161341_2023-02-21T00.07.00.493150Z_WS.POZA.S6.DNZ.MSEED,WS.POZA.S6.DNZ,2023-02-21T00:07:22.441000Z,0.00013501237662886476,0.00017404769490449214,0.0003280759117115486,0.0012863031580320657,-0.212323903,0.28438104252245866,1.6545758143632653e-06,0.003782290446791847,-0.004738457,-5.33E-18,-0.002587356,-0.007521507,-0.077356612,0.06957676642877991,0.25192041930612213,-0.160728417,0.004840926426684996,0.18463718595714498,-0.19096677,-1.07E-17
34161511_2023-02-21T00.12.34.318024Z_WS.POZA.S3.DNZ.MSEED,WS.POZA.S3.DNZ,2023-02-21T00:12:56.435000Z,2.3496376945715777e-05,6.645560796898166e-05,-0.000585968,0.0012331380504971255,-0.120228302,-0.240470894,1.5206294515838514e-06,0.0032905063057681516,-0.003503134,-2.13E-17,-0.000103638,-2.96E-05,-0.000624622,0.0015868815689179942,-0.20141517,0.1633472923541759,2.5181931137716345e-06,0.004365189871700836,-0.00473126,4.263256414560601e-17
34161791_2023-02-21T00.40.23.069600Z_WS.POZA.S5.DNZ.MSEED,WS.POZA.S5.DNZ,2023-02-21T00:40:44.543000Z,7.700283296451346e-05,8.307419585540857e-06,-0.000279837,0.001147726086765446,0.20489587668969056,-0.053492705,1.317275170241924e-06,0.0032130313829567456,-0.002658782,8.881784197001253e-18,3.6643180541948704e-06,2.7048495394611793e-05,-0.000471933,0.0013432164757104412,-0.217330755,0.2043619066122857,1.8042305006199783e-06,0.004134858049321278,-0.004155725,-2.84E-17
34161791_2023-02-21T00.40.23.070024Z_WS.POZA.S3.DNZ.MSEED,WS.POZA.S3.DNZ,2023-02-21T00:40:44.543000Z,0.0001269494580469053,8.548951308805726e-05,-0.00012564,0.0012461978034523915,0.09152526225365658,0.2690945396733806,1.5530089653295657e-06,0.0036741127012374425,-0.003465066,1.0658141036401503e-17,0.00014737723067896662,2.7802139113051684e-05,-0.001507209,0.0021378959872926937,0.0955898583502527,0.45905703059946346,4.570599252482202e-06,0.006053643670385055,-0.006880627,-7.11E-18
34161791_2023-02-21T00.40.23.070032Z_WS.POZA.S2.DNZ.MSEED,WS.POZA.S2.DNZ,2023-02-21T00:40:44.556000Z,7.09789353851284e-06,1.0757088590058858e-05,-0.000871245,0.001109565862056922,0.03992601716114502,-0.290363577,1.2311364022421206e-06,0.002889854859775868,-0.003097919,-2.84E-17,4.244356251467046e-05,3.0083823018581485e-05,-0.000142685,0.0015553914897453052,-0.014731737,0.4916848522208608,2.41924268637212e-06,0.004770990344123074,-0.004977883,-1.42E-17
34161791_2023-02-21T00.40.23.070708Z_WS.POZA.S4.DNZ.MSEED,WS.POZA.S4.DNZ,2023-02-21T00:40:44.543000Z,0.00011215003502107168,5.132587348196239e-05,-0.000811935,0.0013482601318538462,-0.148638127,-0.373225788,1.8178053831465506e-06,0.003525452801610235,-0.003883129,-2.13E-17,0.00010077888727383195,0.00024283624190771832,0.00045425900338033333,0.0021442181309530386,-0.067476758,0.874204403299951,4.597671393107742e-06,0.007401341542396859,-0.006415517,7.105427357601002e-18
34161791_2023-02-21T00.40.23.072380Z_WS.POZA.S6.DNZ.MSEED,WS.POZA.S6.DNZ,2023-02-21T00:40:44.556000Z,-0.00024955,-0.000305071,-0.000305071,0.0011244224645314469,0.034593658208044276,-0.190336365,1.264325878742973e-06,0.0027268839108380225,-0.003491054,-5.51E-17,2.634408205789541e-05,9.786236998020058e-05,0.0006928915269215487,0.0014211793592480515,-0.215863114,0.21794873085703292,2.019750771152702e-06,0.003955010034957754,-0.00387466,4.4408920985006264e-17
34162221_2023-02-21T01.06.56.699238Z_WS.POZA.S3.DNZ.MSEED,WS.POZA.S3.DNZ,2023-02-21T01:07:18.383000Z,5.791002771741396e-05,0.00016141698941168897,-0.000606381,0.001233394232171373,-0.341374029,0.5776306446141706,1.5212613319536106e-06,0.003424121156066789,-0.00429076,4.618527782440651e-17,4.4252468721476606e-05,6.566180519908984e-05,-0.000452353,0.0015792201819454874,-0.292668716,0.15503424808508148,2.4939363830639386e-06,0.004767622028137648,-0.004406135,2.1316282072803006e-17
34162431_2023-02-21T01.31.15.097675Z_WS.POZA.S5.DNZ.MSEED,WS.POZA.S5.DNZ,2023-02-21T01:31:36.847000Z,-4.17E-07,2.8036766479209523e-05,-0.000490271,0.0010908481882573322,0.07284795303840293,0.05156129270686538,1.1899497698243041e-06,0.0033867889466563557,-0.002754427,-7.11E-18,-9.41E-05,-0.000125406,0.00027694167957052404,0.001578144798073716,0.2148695927751856,0.37924539245583677,2.4905410036871295e-06,0.005650945167853957,-0.004175235,2.1316282072803006e-17
34162431_2023-02-21T01.31.15.097936Z_WS.POZA.S6.DNZ.MSEED,WS.POZA.S6.DNZ,2023-02-21T01:31:36.924000Z,-4.50E-05,-0.000159174,-0.000427406,0.0012060732644311545,0.18539772155048792,0.604628288909105,1.4546127191756216e-06,0.0036792325902713814,-0.004073716,-7.11E-18,0.00011161346283549097,9.060940212255388e-05,0.0007239991986103849,0.0016746039588702527,0.04336161874681361,0.38370682500810016,2.8042984190639233e-06,0.004946012183249274,-0.005187053,-2.13E-17
34162431_2023-02-21T01.31.15.099238Z_WS.POZA.S3.DNZ.MSEED,WS.POZA.S3.DNZ,2023-02-21T01:31:36.929000Z,1.5243626003305103e-05,7.974431223526609e-06,-6.87E-05,0.0010916744503068454,0.1868164393514212,0.5835199600432377,1.191753105452753e-06,0.0032706785978797418,-0.003100702,3.552713678800501e-17,-3.45E-05,4.662790008057187e-05,-0.000222189,0.0024559028899678276,-0.454860484,0.4571022872790831,6.0314590049523265e-06,0.006379354547727785,-0.008474119,2.4868995751603507e-17
34162431_2023-02-21T01.31.15.100647Z_WS.POZA.S2.DNZ.MSEED,WS.POZA.S2.DNZ,2023-02-21T01:31:36.941000Z,8.222789651476101e-05,0.00010427677220464375,-0.000356051,0.0013158051307177098,0.35811671963280495,0.4817293217728249,1.7313431420230495e-06,0.004979299117068775,-0.002697514,0,-9.23E-05,-0.000202608,-0.000278744,0.001503592578515179,0.024112590647991303,-0.377030538,2.2607906421659246e-06,0.003711933865471989,-0.003771612,-3.55E-17
34162431_2023-02-21T01.31.15.101079Z_WS.POZA.S4.DNZ.MSEED,WS.POZA.S4.DNZ,2023-02-21T01:31:36.906000Z,-0.000114314,-0.000134699,-0.000325624,0.0011145068001905153,0.0031468506421541195,-0.10832724,1.2421254076709012e-06,0.0024375132677878753,-0.003435471,0,-1.27E-05,-5.74E-05,0.0003267996047784357,0.002686088242158667,-0.092208982,0.26244889749013867,7.215070044663038e-06,0.007734209818358334,-0.008233187,1.4210854715202004e-17
34162741_2023-02-21T02.39.54.850647Z_WS.POZA.S4.DNZ.MSEED,WS.POZA.S4.DNZ,2023-02-21T02:40:16.708000Z,4.357782109926337e-05,8.635432663385814e-05,0.0004318929118661129,0.001245436718507063,-0.081449584,-0.01918885,1.5511126198056412e-06,0.0037713183576152938,-0.003443996,2.842170943040401e-17,1.7635486910379623e-05,8.635432663385814e-05,-0.001371936,0.0017454733793176725,-0.227903116,-0.046196207,3.0466773179066554e-06,0.004078203473990503,-0.005709323,2.1316282072803006e-17
34162741_2023-02-21T02.39.54.852047Z_WS.POZA.S3.DNZ.MSEED,WS.POZA.S3.DNZ,2023-02-21T02:40:16.584000Z,1.1758334915951823e-07,-4.13E-06,0.00022602953905645224,0.0012362940345982147,0.06827917768368996,-0.177049602,1.5284229399831318e-06,0.0032966376786674597,-0.003420281,-1.42E-17,-0.000111045,-0.000100182,-0.000541769,0.0018170224679594292,-0.024516336,-0.174411815,3.301570649069375e-06,0.005599447368720992,-0.005300831,0
34163051_2023-02-21T03.41.55.050319Z_WS.POZA.S3.DNZ.MSEED,WS.POZA.S3.DNZ,2023-02-21T03:42:16.904000Z,2.0929451708578476e-05,1.2870789110767192e-05,-0.00090837,0.0012163690756719799,0.06190378522022558,0.06387062059795579,1.4795537282511068e-06,0.004426394142173739,-0.003287901,-2.84E-17,9.860503808773014e-06,-0.00048611,-0.016990556,0.02142823493466046,0.4777787726145786,1.6297844836531876,0.000459169252415003,0.0871008930985376,-0.054911366,-3.55E-18
34163051_2023-02-21T03.41.55.052143Z_WS.POZA.S5.DNZ.MSEED,WS.POZA.S5.DNZ,2023-02-21T03:42:16.905000Z,4.602428003128156e-06,2.7714859744489786e-05,0.00029711782450155737,0.0010946210484308117,0.19430589631302767,0.28390474558914924,1.1981952396677697e-06,0.003291004685019599,-0.003042308,-3.20E-17,0.0002080789733324339,0.0005846762064488019,-0.007302388,0.008723998837188792,0.07006559453086025,-0.335733701,7.610815571127139e-05,0.02267279102343053,-0.020122456,-7.11E-18
34163051_2023-02-21T03.41.55.052276Z_WS.POZA.S4.DNZ.MSEED,WS.POZA.S4.DNZ,2023-02-21T03:42:16.904000Z,2.5762227352308585e-05,-2.25E-05,-0.000905697,0.0011845939450070245,0.011072737765096399,-0.441663851,1.4032628145473057e-06,0.003316901291278921,-0.003323296,-7.11E-18,0.0002509784206201856,-0.001615516,0.0028940557683348063,0.02063823326056523,0.9216972021114469,2.4040221346642214,0.00042593667211750106,0.07954271319342666,-0.045850311,1.7763568394002505e-17
34163051_2023-02-21T03.41.55.052397Z_WS.POZA.S2.DNZ.MSEED,WS.POZA.S2.DNZ,2023-02-21T03:42:16.920000Z,-1.33E-05,4.408396819781615e-05,-0.001184628,0.001212150426655428,-0.439006519,0.5850831229651141,1.4693086568409361e-06,0.0033448559450910673,-0.003832976,1.0658141036401503e-17,-4.83E-05,0.00035096908457358324,-0.006519978,0.01200689195821617,0.10512148542584313,0.3509404546536534,0.00014416545449627614,0.03681407470581916,-0.033962769,-2.13E-17
34163051_2023-02-21T03.41.55.053482Z_WS.POZA.S6.DNZ.MSEED,WS.POZA.S6.DNZ,2023-02-21T03:42:16.910000Z,-8.96E-06,-4.23E-05,-0.00115506,0.0011563938665933885,-0.020612275,-0.133166222,1.337246774694808e-06,0.0032203958400684146,-0.003189638,1.4210854715202004e-17,7.394256665718251e-05,-2.30E-05,0.00014978770045740702,0.008329168955003938,0.00918221427354699,0.26491459404295403,6.937505548100139e-05,0.022564700026861204,-0.023800136,-1.78E-17
34163411_2023-02-21T04.49.09.159092Z_WS.POZA.S4.DNZ.MSEED,WS.POZA.S4.DNZ,2023-02-21T04:49:31.097000Z,-9.82E-05,-0.000194299,-0.000961512,0.0012140055701287884,0.11674241448921346,0.5891614428893277,1.4738095243037246e-06,0.0038362036776229797,-0.004377073,2.1316282072803006e-17,3.6089791601273056e-05,0.00011258617778561416,-0.001192261,0.007873751624884521,0.20811570312972738,0.892727636336546,6.199596465037163e-05,0.023679489007836185,-0.018808872,-1.78E-17
34163411_2023-02-21T04.49.09.159201Z_WS.POZA.S5.DNZ.MSEED,WS.POZA.S5.DNZ,2023-02-21T04:49:31.088000Z,7.252607138841474e-05,-4.61E-05,-0.000621184,0.001212289468083081,-0.101312154,0.12129565493123406,1.4696457544251598e-06,0.003216051051703896,-0.003768514,2.4868995751603507e-17,-4.33E-05,-6.54E-05,-0.00019951,0.002673405443589509,0.31427660690367754,1.5425715071861053,7.147096665814019e-06,0.009434574268640002,-0.007684227,-1.78E-17
34163411_2023-02-21T04.49.09.160249Z_WS.POZA.S6.DNZ.MSEED,WS.POZA.S6.DNZ,2023-02-21T04:49:31.048000Z,8.389864282105424e-05,0.00010542511102237939,-6.71E-05,0.0012414014424930767,0.05378335389082404,-0.250907965,1.5410775414238916e-06,0.0035792592098400893,-0.002792121,0,-3.08E-05,-4.80E-05,-0.002907496,0.0026338975849514268,0.08022935722285517,1.4679473698335421,6.937416488012958e-06,0.009643168551350244,-0.008587799,-1.42E-17
34163411_2023-02-21T04.49.09.161007Z_WS.POZA.S3.DNZ.MSEED,WS.POZA.S3.DNZ,2023-02-21T04:49:31.055000Z,-0.000206626,-0.000183661,-3.02E-05,0.0011696260721846372,0.20758169914658522,-0.174196992,1.3680251487340619e-06,0.002925600349028689,-0.003024106,7.105427357601002e-18,3.847889300546748e-06,0.00023859860488585695,-0.002064211,0.007236183176373652,-0.275089177,1.5926477478058496,5.236234696203307e-05,0.020427422520331317,-0.025976067,-1.42E-17
34163411_2023-02-21T04.49.09.161225Z_WS.POZA.S2.DNZ.MSEED,WS.POZA.S2.DNZ,2023-02-21T04:49:31.062000Z,7.255363585712979e-05,0.0001352284786319666,0.0011144496896620568,0.0012562014652123504,0.17220663250142731,0.07221860102317379,1.5780421212016559e-06,0.004261779108367145,-0.003222938,3.552713678800501e-17,0.00011787892770161099,9.716066839437302e-05,-0.000229051,0.0037046970449594353,-0.010409447,3.211844829614371,1.3724780194931173e-05,0.014432326686563949,-0.014276659,-1.15E-17
34163481_2023-02-21T05.15.35.189899Z_WS.POZA.S4.DNZ.MSEED,WS.POZA.S4.DNZ,2023-02-21T05:15:57.063000Z,8.266592051084494e-05,0.00012428984988344726,0.0002004254703575191,0.0011993291030592266,-0.086227034,0.24649061063830535,1.438390297444849e-06,0.0032329657997314906,-0.003828906,-1.42E-17,0.00030205363920212324,6.630964659843699e-05,-0.002331962,0.012463521521939018,-0.020636524,1.3331164217112574,0.00015533936872783708,0.03800703196367451,-0.034419027,7.105427357601002e-18
34163481_2023-02-21T05.15.35.190426Z_WS.POZA.S6.DNZ.MSEED,WS.POZA.S6.DNZ,2023-02-21T05:15:57.060000Z,-2.10E-05,-4.56E-05,0.0004537069589263615,0.0011554533224471882,-0.091907307,-0.045691966,1.335072380354246e-06,0.0032935656026373467,-0.003538142,0,-5.78E-06,-7.21E-06,0.000146236183932258,0.005224783079635772,0.11661337974170954,2.751436850186778,2.7298358229248266e-05,0.020795973432559983,-0.017432307,4.263256414560601e-17
34163481_2023-02-21T05.15.35.191097Z_WS.POZA.S2.DNZ.MSEED,WS.POZA.S2.DNZ,2023-02-21T05:15:57.060000Z,0.00014007896598091282,0.0002252899524163604,0.00026277210403450224,0.0011029882531144544,-0.224208561,0.00897536201350757,1.2165830865084755e-06,0.0029111203793202893,-0.003344885,2.1316282072803006e-17,-0.000193156,-0.000197556,-0.000849979,0.007130324326608354,-0.031717353,3.405841261158904,5.0841525002622874e-05,0.026209791561851582,-0.022842632,-7.11E-18
34163481_2023-02-21T05.15.35.191190Z_WS.POZA.S5.DNZ.MSEED,WS.POZA.S5.DNZ,2023-02-21T05:15:56.921000Z,-7.26E-05,-0.00016822,-0.000974086,0.0011470035514450972,0.3629081443141116,0.16143214849381815,1.3156171470276658e-06,0.0040157252857447945,-0.002893875,0,8.567952113860233e-05,0.00011933849329185875,-0.002394894,0.005627152112641567,0.04112128927552932,2.693306410854217,3.166484089880645e-05,0.020442278232495843,-0.017976927,-2.84E-17
34163481_2023-02-21T05.15.35.193431Z_WS.POZA.S3.DNZ.MSEED,WS.POZA.S3.DNZ,2023-02-21T05:15:57.069000Z,-8.38E-05,-2.10E-05,-0.000596683,0.0012129577556329978,-0.220479129,0.1584230115752847,1.4712665169502393e-06,0.002857531364971533,-0.004665254,0,-8.83E-07,0.00032455783763687236,-0.001940184,0.013441713321180182,-0.296551962,1.8187668962722556,0.00018067965700879277,0.03958886863373695,-0.040744167,5.3290705182007515e-18
34163561_2023-02-21T05.33.59.897899Z_WS.POZA.S4.DNZ.MSEED,WS.POZA.S4.DNZ,2023-02-21T05:34:21.731000Z,0.0001854762306082351,1.285218133017338e-05,-0.000831668,0.0011606706254622744,0.28592541011685624,0.00022923286733389503,1.3471563008109873e-06,0.0033909310959352843,-0.002903728,-5.33E-17,7.581253758507531e-06,1.285218133017338e-05,-0.000101937,0.002453761790195486,0.04751752723683597,-0.525645307,6.020946923023356e-06,0.0065382605146403735,-0.006281807,-3.20E-17
34163561_2023-02-21T05.33.59.898424Z_WS.POZA.S6.DNZ.MSEED,WS.POZA.S6.DNZ,2023-02-21T05:34:21.686000Z,2.556119708135385e-05,7.399047960669179e-05,0.0002086919619852256,0.0011602149048669285,-0.042556104,-0.083094538,1.346098625475376e-06,0.003240646632740303,-0.003092666,2.842170943040401e-17,0.00015698064855884699,5.4663745178169165e-05,-0.000367596,0.0018234464105205777,0.500814536143024,1.1896879972450085,3.324956812040379e-06,0.008575410993548912,-0.003898532,1.4210854715202004e-17
34163561_2023-02-21T05.33.59.899097Z_WS.POZA.S2.DNZ.MSEED,WS.POZA.S2.DNZ,2023-02-21T05:34:21.731000Z,5.40246311341106e-05,7.184739422819804e-05,0.0004548681310785947,0.001132049203201108,-0.065993515,0.44785942186969896,1.2815353984682638e-06,0.0035635440809277537,-0.003766559,1.4210854715202004e-17,-5.17E-05,-5.46E-06,-0.000926115,0.0018886509756862986,-0.247409133,-0.058290803,3.567002507960808e-06,0.004830909332523424,-0.005416945,-2.13E-17
34163561_2023-02-21T05.33.59.899190Z_WS.POZA.S5.DNZ.MSEED,WS.POZA.S5.DNZ,2023-02-21T05:34:21.565000Z,-2.52E-05,-0.000110825,-0.000398969,0.0010724227227342596,-0.11094764,0.4106726970445074,1.1500904962367627e-06,0.002940456061193215,-0.003775877,-3.38E-17,7.22983930108587e-05,0.00010001175886333614,-0.000513758,0.0017963779359516884,0.0866656977814232,0.3675301170648373,3.2269736887740484e-06,0.0058956894528542116,-0.005464916,3.552713678800501e-17
34163561_2023-02-21T05.33.59.901431Z_WS.POZA.S3.DNZ.MSEED,WS.POZA.S3.DNZ,2023-02-21T05:34:21.743000Z,6.360241280074017e-05,-2.10E-05,-0.001441203,0.0013107511129091822,0.2809279782179157,-0.563794476,1.71806847999266e-06,0.0037401189038612404,-0.002669329,0,3.639974126370653e-05,-7.87E-05,0.0017441943301829178,0.003262227860939302,-0.164455022,0.8328527450451255,1.0642130616688615e-05,0.009574450066708045,-0.012648952,-4.31E-17
34164401_2023-02-21T07.13.34.333420Z_WS.POZA.S3.DNZ.MSEED,WS.POZA.S3.DNZ,2023-02-21T07:13:56.204000Z,-8.55E-05,5.083726348752407e-05,0.00022360655610365144,0.0012710658052228672,-0.245758799,0.2665107843590375,1.6156082812068557e-06,0.003486310722758751,-0.004267224,1.4210854715202004e-17,-0.000259597,-0.00019836,-0.004766205,0.0029256273375157277,-0.089834851,0.8656282086295866,8.559295318019365e-06,0.009934412118357092,-0.009908873,-3.55E-18
34167831_2023-02-21T15.08.01.278424Z_WS.POZA.S6.DNZ.MSEED,WS.POZA.S6.DNZ,2023-02-21T15:08:23.051000Z,0.00013773013657814782,9.706902997565862e-05,-5.64E-05,0.0012403384268229087,-0.033707996,0.4455762963456884,1.5384394130535281e-06,0.004165639456426385,-0.003280424,-3.55E-18,-0.00013633,-7.54E-05,-0.001092404,0.0019368699475185293,-0.081587547,-0.107346583,3.7514651936004306e-06,0.005393765580546117,-0.005545166,1.4210854715202004e-17
34167831_2023-02-21T15.08.01.279429Z_WS.POZA.S3.DNZ.MSEED,WS.POZA.S3.DNZ,2023-02-21T15:08:23.051000Z,-2.67E-05,-3.66E-05,0.0005004638690072352,0.0013252771520360876,-0.161855257,0.0983202658675344,1.7563595297088834e-06,0.003110744334054871,-0.004527415,0,-1.84E-05,-7.52E-05,-0.006561408,0.0036877479880662437,0.17779410652812042,0.028130759556596274,1.3599485223486627e-05,0.011516116834474488,-0.00924841,-1.78E-18
34167831_2023-02-21T15.08.01.279469Z_WS.POZA.S4.DNZ.MSEED,WS.POZA.S4.DNZ,2023-02-21T15:08:23.051000Z,5.1781909262492845e-05,-6.79E-06,-0.000371654,0.0011813766221430227,0.19843707989619383,0.13173091383993274,1.395650723346058e-06,0.0036588486586421848,-0.003365541,-2.13E-17,2.800885459857258e-05,-0.000140904,-0.001484405,0.003526072032566531,0.04160223584229266,0.7440153285582616,1.2433183978847866e-05,0.009722758000152341,-0.010695644,1.4210854715202004e-17
34167831_2023-02-21T15.08.01.279496Z_WS.POZA.S5.DNZ.MSEED,WS.POZA.S5.DNZ,2023-02-21T15:08:23.040000Z,-4.67E-06,-1.66E-05,-0.000362091,0.0011976259395183075,-0.144424681,0.08480332445981498,1.4343078910071084e-06,0.003208084170945393,-0.003777652,-2.84E-17,0.0001182992255128176,2.774548955852083e-06,-0.000591669,0.0018496226763214628,0.0032493482879611007,-0.456428922,3.4211040447625706e-06,0.005740472039662275,-0.004583518,0
34167831_2023-02-21T15.08.01.281277Z_WS.POZA.S2.DNZ.MSEED,WS.POZA.S2.DNZ,2023-02-21T15:08:23.062000Z,8.013136920173396e-05,0.00010469623431812238,0.00010469623431812238,0.0012493699718274117,-0.065624157,-0.074417946,1.5609253265040273e-06,0.003789660265299558,-0.003349518,0,-9.14E-05,2.856061384349289e-05,-0.00131494,0.0021203309059945204,-0.222625082,-0.182578513,4.4958031509155435e-06,0.004941065110326324,-0.006343405,0
34168201_2023-02-21T16.15.27.910539Z_WS.POZA.S4.DNZ.MSEED,WS.POZA.S4.DNZ,2023-02-21T16:15:49.859000Z,-1.93E-05,-0.000104974,-0.000815378,0.001305864608082062,-0.007119533,0.22007859853580136,1.7052823746413175e-06,0.003444702598367222,-0.004001361,1.7763568394002505e-18,-2.91E-05,-2.83E-05,-0.001007474,0.004319378994253564,-0.029779884,0.9542311275876987,1.865703489599893e-05,0.013769864051991092,-0.012713619,1.199040866595169e-17
34168201_2023-02-21T16.15.27.910842Z_WS.POZA.S2.DNZ.MSEED,WS.POZA.S2.DNZ,2023-02-21T16:15:49.859000Z,-0.00015983,-0.000106549,-0.001104511,0.0013927957701668323,0.12756566134325992,0.07094721070314192,1.9398800573946198e-06,0.005151494063279398,-0.003523281,-2.13E-17,-0.000121148,-0.000222509,-0.000222509,0.00239509291551913,-0.166087378,1.17705750699578,5.736470073969926e-06,0.007646399780377023,-0.009012074,1.4210854715202004e-17
34168201_2023-02-21T16.15.27.910939Z_WS.POZA.S5.DNZ.MSEED,WS.POZA.S5.DNZ,2023-02-21T16:15:49.859000Z,-0.000129172,-0.000159612,-0.000926825,0.0012251490937720455,0.04317043507704044,0.004174761522695469,1.5009903019704645e-06,0.002987717543777584,-0.004035501,1.4210854715202004e-17,8.039102715380516e-05,0.00012911782425752792,-0.000466497,0.0018456505516364502,-0.257936236,0.7528237249278078,3.406425958755933e-06,0.005367834171544092,-0.006607713,-1.78E-17
34168201_2023-02-21T16.15.27.911567Z_WS.POZA.S3.DNZ.MSEED,WS.POZA.S3.DNZ,2023-02-21T16:15:49.853000Z,-0.000122866,-0.000223245,-0.001336582,0.0012462950806275072,-0.063003461,-0.322907788,1.5532514279963245e-06,0.003038873293540162,-0.003485949,0,-6.50E-05,-0.000146817,-0.001528678,0.0040378616162760885,0.11498992742176743,0.6886232524499989,1.630432643219575e-05,0.013440756026256995,-0.0104711,0
34168201_2023-02-21T16.15.27.912761Z_WS.POZA.S6.DNZ.MSEED,WS.POZA.S6.DNZ,2023-02-21T16:15:49.859000Z,6.38072082690844e-05,6.776157526506153e-05,-0.000757431,0.001302067616362776,0.07615619873424911,-0.264603506,1.6953800775806412e-06,0.00357995631363037,-0.003136962,-1.78E-18,8.330729764855876e-05,0.00029821824185563686,-0.000527268,0.0020247458500527275,-0.479060944,1.3412952365538207,4.099595757305742e-06,0.005959487282777983,-0.007819889,-2.84E-17
34172441_2023-02-22T06.35.22.487872Z_WS.POZA.S4.DNZ.MSEED,WS.POZA.S4.DNZ,2023-02-22T06:35:44.517000Z,-9.00E-05,-9.46E-05,0.001018142685526234,0.0011948973229016478,0.011129773441083339,-0.215597057,1.427779612277525e-06,0.003320952375579766,-0.003088496,0,-9.63E-05,-5.60E-05,-0.000900475,0.002577842034127711,-0.050524668,0.6054884820255237,6.645269552915694e-06,0.007965225224543876,-0.006696153,7.105427357601002e-18
34174151_2023-02-22T10.07.36.286271Z_WS.POZA.S3.DNZ.MSEED,WS.POZA.S3.DNZ,2023-02-22T10:07:58.097000Z,-0.000259976,-0.000220983,-0.001506503,0.0012850271207162035,0.21152543779989239,0.41834554900862075,1.6512947009761763e-06,0.003674818574322169,-0.004193505,-1.95E-17,-2.03E-06,-0.000259343,-0.002888658,0.010187345546484776,0.1225330068913383,0.506513423231528,0.00010378200928348319,0.030503839912408945,-0.027260841,3.019806626980426e-17
34174151_2023-02-22T10.07.36.286508Z_WS.POZA.S2.DNZ.MSEED,WS.POZA.S2.DNZ,2023-02-22T10:07:58.080000Z,-9.45E-05,-2.97E-05,-2.97E-05,0.0013524054260029871,-0.091084302,-0.496593802,1.829000436282321e-06,0.003539336880274212,-0.003638495,-7.11E-18,-9.30E-05,0.0002004970931433678,-0.003023554,0.00543427124782815,-0.066238484,1.360131663007703,2.953130399497172e-05,0.017280059400121332,-0.017608796,7.105427357601002e-18
34174151_2023-02-22T10.07.36.288240Z_WS.POZA.S6.DNZ.MSEED,WS.POZA.S6.DNZ,2023-02-22T10:07:58.028000Z,-4.20E-05,-7.99E-05,-0.00090508,0.0012255975305425228,0.20958687004572932,0.45171100153634214,1.5020893068719302e-06,0.004506991025635888,-0.003476707,-4.44E-17,-0.000287691,-9.89E-05,-0.001173898,0.0042317977638412834,-0.376701625,1.4168654550051416,1.7908112314052087e-05,0.011914401239216901,-0.016526353,-1.78E-18
34174151_2023-02-22T10.07.36.288368Z_WS.POZA.S5.DNZ.MSEED,WS.POZA.S5.DNZ,2023-02-22T10:07:58.078000Z,-7.20E-05,-9.57E-05,-0.000575938,0.0010638256184573023,-0.141236037,-0.439064754,1.1317249464860616e-06,0.0021883711429413395,-0.003185632,-3.20E-17,-0.000183912,-0.000153092,-0.003492517,0.004398121167156375,-0.100716139,0.7242492962458185,1.9343469800988955e-05,0.012896553333414489,-0.015045219,-3.55E-18
34174151_2023-02-22T10.07.36.289865Z_WS.POZA.S4.DNZ.MSEED,WS.POZA.S4.DNZ,2023-02-22T10:07:58.082000Z,-0.000133195,-0.000128585,-9.11E-05,0.001167380287807118,-0.123469001,-0.341886547,1.3627767363606296e-06,0.0030562266649190894,-0.003314568,1.4210854715202004e-17,-0.000190309,-0.000685546,-0.004082952,0.010133833870612362,-0.314237938,2.251004021897093,0.00010269458891717034,0.03057632517346926,-0.038855847,3.552713678800501e-18
34175971_2023-02-22T13.57.07.048729Z_WS.POZA.S3.DNZ.MSEED,WS.POZA.S3.DNZ,2023-02-22T13:57:29.265000Z,7.96949982595265e-05,0.00016494580948159867,5.0156720149366266e-05,0.001237501038783778,-0.142412313,-0.102667818,1.5314088209909295e-06,0.0033509286970426176,-0.003711529,-2.31E-17,2.5783951059966184e-05,8.822453038751746e-05,-0.000141939,0.0020385614253868533,-0.085641859,-0.337982965,4.155732685075279e-06,0.005538363639146138,-0.005093097,-2.84E-17
34178151_2023-02-22T20.46.05.458931Z_WS.POZA.S3.DNZ.MSEED,WS.POZA.S3.DNZ,2023-02-22T20:46:27.141000Z,2.8494210176327126e-05,7.843887268729189e-06,-0.000203286,0.001179628522770583,0.053807806903405586,0.5973681212700672,1.3915234517339077e-06,0.004172169497932055,-0.003427337,-1.78E-18,-2.52E-06,-1.15E-05,0.001409032133315151,0.00382025200086098,-0.17551824,1.7973957832667633,1.4594325350082319e-05,0.014036417618372541,-0.013483095,-1.78E-17
34178151_2023-02-22T20.46.05.458935Z_WS.POZA.S6.DNZ.MSEED,WS.POZA.S6.DNZ,2023-02-22T20:46:27.107000Z,-0.000109887,-7.88E-05,-0.000174853,0.0011042890427769186,-0.035839189,-0.253723896,1.219454289997163e-06,0.003087851416532859,-0.003168154,1.4210854715202004e-17,-8.10E-06,-4.04E-05,0.0002474071142040953,0.0020123954212799573,-0.020685644,0.8800997800906134,4.049735331588536e-06,0.006964325815939493,-0.005931877,3.907985046680551e-17
34178151_2023-02-22T20.46.05.459952Z_WS.POZA.S5.DNZ.MSEED,WS.POZA.S5.DNZ,2023-02-22T20:46:27.107000Z,0.0002057536185764533,0.00016837922814425045,0.0010890345772698788,0.0013192746897726251,0.022243544820090243,-0.393969062,1.7404857070746562e-06,0.004005614500074945,-0.0032097,2.842170943040401e-17,0.00013896042439253198,0.0002058613797623923,0.0008208029297517147,0.0018866244572553318,-0.177644665,1.616221993274083,3.5593518427139757e-06,0.007268904325348939,-0.007354991,-3.73E-17
34181001_2023-02-23T04.55.32.357796Z_WS.POZA.S2.DNZ.MSEED,WS.POZA.S2.DNZ,2023-02-23T04:55:54.330000Z,-3.94E-05,-7.85E-05,-0.000922979,0.0012017287606831029,-0.032213877,-0.24170556,1.4441520142529461e-06,0.0036451584700728018,-0.003187135,-3.91E-17,-1.46E-05,7.498352842248323e-05,0.00030573302432362084,0.001588221831528533,0.0345213771548195,-0.438382298,2.522448586143848e-06,0.004451024729867313,-0.003647463,1.9539925233402754e-17
34181001_2023-02-23T04.55.32.358555Z_WS.POZA.S4.DNZ.MSEED,WS.POZA.S4.DNZ,2023-02-23T04:55:54.315000Z,-0.000282736,-0.000249006,2.0396585731781446e-05,0.00117984658813439,-0.109622588,-0.033138142,1.3920379715323608e-06,0.003704189299474314,-0.003588432,7.105427357601002e-18,-0.000170954,-3.76E-05,-0.001975528,0.002267318757621225,-0.161093018,-0.503051997,5.140734348661054e-06,0.004587362496982916,-0.00612082,-2.31E-17
34181001_2023-02-23T04.55.32.358953Z_WS.POZA.S6.DNZ.MSEED,WS.POZA.S6.DNZ,2023-02-23T04:55:54.316000Z,-1.64E-06,2.8528372057517118e-05,6.718184091344712e-05,0.0011821875715607656,-0.112558432,-0.241285779,1.3975674543527406e-06,0.0030224152325744433,-0.003502407,1.0658141036401503e-17,0.0001260944127196921,0.0001825565888634583,0.001141865406846132,0.001567713423606287,-0.226646137,0.243204810068963,2.4577253785553454e-06,0.004289194825551221,-0.004461716,1.4210854715202004e-17
34181001_2023-02-23T04.55.32.359040Z_WS.POZA.S3.DNZ.MSEED,WS.POZA.S3.DNZ,2023-02-23T04:55:54.332000Z,8.135891122414876e-05,4.5434611532488133e-05,-0.001240672,0.0011952699889523177,-0.102051426,-0.056184899,1.4286703464900735e-06,0.003787207528560031,-0.003620203,-1.42E-17,3.498880440332861e-05,-1.23E-05,-0.000280777,0.0023547790465994487,-0.295892522,0.042528189188318244,5.544984358303808e-06,0.006167324156326539,-0.007113071,-1.78E-17
34181001_2023-02-23T04.55.32.360655Z_WS.POZA.S5.DNZ.MSEED,WS.POZA.S5.DNZ,2023-02-23T04:55:54.323000Z,4.000897572915898e-05,6.226400325238388e-05,-0.00070612,0.0012008993033245513,-0.133880563,0.5176742571314907,1.4421591367253928e-06,0.0030561508637704255,-0.004620662,1.7763568394002505e-17,5.138949401428309e-05,2.3610534396453886e-05,-0.000168485,0.0014191544210673554,-0.025703362,-0.367549825,2.0139992708350205e-06,0.0037460567169960318,-0.00385345,0
34198511_2023-02-25T10.39.33.498834Z_WS.POZA.S5.DNZ.MSEED,WS.POZA.S5.DNZ,2023-02-25T10:39:55.344000Z,4.337004981262574e-05,9.932621691016267e-05,0.0002527687750972098,0.0012471338367355763,0.016160162330729196,-0.50493974,1.5553428067307993e-06,0.003553540751990461,-0.002818425,2.3092638912203255e-17,-9.48E-05,0.00021411530624127978,-0.000745194,0.0032672634208040603,-0.208548397,0.7774341560635785,1.067501026092425e-05,0.010001642147587685,-0.01053272,4.4408920985006264e-17
34198511_2023-02-25T10.39.33.499496Z_WS.POZA.S6.DNZ.MSEED,WS.POZA.S6.DNZ,2023-02-25T10:39:55.345000Z,-0.000123275,-0.000120447,-0.000331577,0.0012342434618427748,0.18694040122764727,0.5079408412010995,1.5233569231016372e-06,0.003583550904813308,-0.003862513,2.1316282072803006e-17,-3.07E-06,3.299552690151643e-05,-0.000216202,0.003132445477906209,0.010610788992710472,0.4715683789662517,9.81221467205506e-06,0.00911041129266601,-0.009274584,6.217248937900877e-18
34198511_2023-02-25T10.39.33.501101Z_WS.POZA.S2.DNZ.MSEED,WS.POZA.S2.DNZ,2023-02-25T10:39:55.349000Z,0.00010878537528465716,-1.35E-05,-0.000397711,0.0012886018048939804,0.45913702591626165,1.1830103108891912,1.660494611576024e-06,0.005743505339688535,-0.00354504,-1.60E-17,-1.10E-05,-3.28E-05,-0.002624385,0.0033870068072814428,-0.089174072,0.5212584942037606,1.1471815112570831e-05,0.010042239603420391,-0.010107931,-2.84E-17
34198511_2023-02-25T10.39.33.501333Z_WS.POZA.S4.DNZ.MSEED,WS.POZA.S4.DNZ,2023-02-25T10:39:55.352000Z,0.00015347978260424683,0.0001793377819525006,0.0003339516573773358,0.0011293477662674425,0.0836272891014026,-0.118334891,1.2754263771732618e-06,0.00305843555313831,-0.0025838,0,3.9220128664614384e-05,0.0004674818225180815,-0.003312359,0.006318194728549756,-0.600141648,0.2421241512234582,3.991958462787393e-05,0.013498386096092179,-0.018627332,1.687538997430238e-17
34198511_2023-02-25T10.39.33.502376Z_WS.POZA.S3.DNZ.MSEED,WS.POZA.S3.DNZ,2023-02-25T10:39:55.356000Z,-2.85E-05,-3.34E-05,-0.000110083,0.0011852609643900154,0.1388465778884153,0.17522606656799677,1.4048435537067493e-06,0.0036896704144606415,-0.003218759,-1.42E-17,-0.000328487,-5.24E-05,-0.003564297,0.00680686572846667,-0.107660778,0.8158905446193199,4.6333421045374095e-05,0.022228108341458917,-0.019953368,-7.11E-18
34199461_2023-02-25T12.50.56.138741Z_WS.POZA.S4.DNZ.MSEED,WS.POZA.S4.DNZ,2023-02-25T12:51:17.925000Z,-6.30E-06,-0.000103623,-0.000487816,0.0011559528708019779,0.40376185675666254,-0.095687246,1.336227039515334e-06,0.0034653801383890677,-0.002521222,2.842170943040401e-17,0.00013560166141277644,-0.000103623,-0.00417278,0.013222353051762717,-0.662580643,1.451596828965906,0.0001748306202254588,0.029719284712581357,-0.044665216,1.3322676295501878e-17
34199461_2023-02-25T12.50.56.139848Z_WS.POZA.S5.DNZ.MSEED,WS.POZA.S5.DNZ,2023-02-25T12:51:17.907000Z,-9.36E-05,-0.000144087,0.00027875887423598215,0.0011810213374497359,0.09247221428330232,0.044194251607002855,1.3948113995115627e-06,0.003579530851128118,-0.003520994,-2.13E-17,4.099084544432301e-05,0.00016396978490374977,-0.006592188,0.0063016055501711726,-0.094212862,-0.736557396,3.971023250994813e-05,0.012445231026111107,-0.016263754,-3.55E-17
34199461_2023-02-25T12.50.56.141260Z_WS.POZA.S3.DNZ.MSEED,WS.POZA.S3.DNZ,2023-02-25T12:51:17.944000Z,-2.66E-05,-5.41E-05,0.00044483230710308476,0.0011473057350797021,-0.043096248,-0.015788987,1.3163104497467757e-06,0.00305511277215072,-0.003431642,0,0.00010852370170696,-0.00049515,-0.012528092,0.013324017302536616,0.2788075217799086,1.030138558266814,0.0001775294370782951,0.047770148335629425,-0.037821516,8.881784197001253e-18
34199461_2023-02-25T12.50.56.142243Z_WS.POZA.S6.DNZ.MSEED,WS.POZA.S6.DNZ,2023-02-25T12:51:17.930000Z,-3.82E-05,1.6619342086887058e-05,-0.000885588,0.0011966090539707222,-0.116560311,-0.446589821,1.431873228044707e-06,0.002684001522491192,-0.003226465,-2.84E-17,0.00014342848891540227,-0.000232871,-0.001115752,0.006009976316172152,0.42668952104384444,0.7343431237541891,3.6119815320950196e-05,0.023717345166587092,-0.013206088,1.7763568394002505e-17
34199461_2023-02-25T12.50.56.142459Z_WS.POZA.S2.DNZ.MSEED,WS.POZA.S2.DNZ,2023-02-25T12:51:17.935000Z,-0.000118852,-7.99E-05,0.00015081285419015443,0.0012955109399332635,-0.138341997,-0.078258942,1.6783485954867677e-06,0.0031821818663252226,-0.004225228,1.4210854715202004e-17,-3.66E-05,0.00016955392999922538,0.0047564322342972185,0.008040154282917754,-0.130552139,0.44646568922012353,6.46440808931207e-05,0.022834542486732123,-0.024299263,-4.44E-18
34199941_2023-02-25T13.19.38.781260Z_WS.POZA.S3.DNZ.MSEED,WS.POZA.S3.DNZ,2023-02-25T13:20:00.779000Z,3.989153945921643e-05,-9.22E-05,-0.000168938,0.0015406906191279615,0.17985112129450076,-0.518551069,2.3737275838689013e-06,0.0036688830049011393,-0.003777181,6.039613253960852e-17,-8.58E-05,8.055264606175911e-05,-0.001704535,0.002227596895557922,0.09953505387198029,-0.296484444,4.962187929099293e-06,0.005741528857673543,-0.00577252,-7.11E-18
34203481_2023-02-25T23.45.54.827297Z_WS.POZA.S6.DNZ.MSEED,WS.POZA.S6.DNZ,2023-02-25T23:46:16.550000Z,-5.03E-06,2.3545295480334972e-05,6.219876433738023e-05,0.0013686449746844367,-0.065978538,0.11727044694265443,1.8731890667289625e-06,0.004514375586257397,-0.003776208,1.4210854715202004e-17,-1.76E-05,-0.000110571,-0.002931688,0.0025283708908822936,0.0745693816362617,0.17553096764878617,6.392659361860923e-06,0.006971213493116871,-0.007882846,4.9737991503207014e-17
34203481_2023-02-25T23.45.54.827644Z_WS.POZA.S3.DNZ.MSEED,WS.POZA.S3.DNZ,2023-02-25T23:46:16.556000Z,1.4140985275675251e-05,2.1859965874737672e-05,7.925451054029623e-05,0.0012173495879111435,0.17062977679333985,0.2439315280920451,1.481940019187431e-06,0.00399438237880286,-0.003336307,1.0658141036401503e-17,0.0002427750822442523,2.8260607562197062e-06,-0.001302314,0.005736412237212499,0.3348747335844428,0.3362855078022986,3.290642535524132e-05,0.01570052685611573,-0.015388575,1.4210854715202004e-17
34203481_2023-02-25T23.45.54.828599Z_WS.POZA.S5.DNZ.MSEED,WS.POZA.S5.DNZ,2023-02-25T23:46:16.389000Z,2.811636877519607e-05,4.118826915169962e-05,-0.000457793,0.0011658772311025122,0.05475591245447149,0.11280336519676837,1.3592697180032608e-06,0.0038034592378461103,-0.003259584,0,2.996705001136079e-05,4.118826915169962e-05,0.0019609772223559505,0.0023621480683934087,0.19628480820942246,0.0660161535590773,5.579743497014711e-06,0.007910097474533874,-0.005830625,8.881784197001253e-18
34203481_2023-02-25T23.45.54.829713Z_WS.POZA.S2.DNZ.MSEED,WS.POZA.S2.DNZ,2023-02-25T23:46:16.483000Z,-2.59E-05,-0.000100601,-0.000446139,0.0011828780491407581,0.005099306997951743,0.020081459793977352,1.3992004791390458e-06,0.0033536137240899656,-0.003362719,-2.84E-17,-0.000173073,-0.000196063,-0.001366795,0.0029462195645359205,-0.154119957,0.4352153753321515,8.68020972245423e-06,0.007806961863247771,-0.010540551,1.5987211554602253e-17
34203481_2023-02-25T23.45.54.829792Z_WS.POZA.S4.DNZ.MSEED,WS.POZA.S4.DNZ,2023-02-25T23:46:16.556000Z,0.0002626385045873925,0.00020947007251729023,0.00032543047908619544,0.0011228125967103987,0.17426875829455216,0.06153578252222491,1.2607081273315486e-06,0.0037796450141664934,-0.002592321,0,-9.27E-07,0.00017140226227969666,0.001822373909345216,0.006142445043743303,0.3127790193094138,1.5910739528236677,3.7729631115406664e-05,0.02070635042157463,-0.017560584,3.552713678800501e-18
34234551_2023-03-03T11.35.50.317154Z_WS.POZA.S3.DNZ.MSEED,WS.POZA.S3.DNZ,2023-03-03T11:36:12.020000Z,-8.58E-05,-0.00015388,-3.91E-05,0.0012666092531769633,0.15148548379263654,0.23959820864910641,1.6042990002335045e-06,0.004298296839452973,-0.003263142,-1.42E-17,0.00012052450689711925,7.628385481520014e-05,-0.000844957,0.0020720749438582404,0.3799370277813191,0.775998911416945,4.29349457296513e-06,0.007176808952019889,-0.006064932,3.552713678800501e-18
34242021_2023-03-04T18.10.02.196699Z_WS.POZA.S3.DNZ.MSEED,WS.POZA.S3.DNZ,2023-03-04T18:10:24.613000Z,-1.16E-05,-4.98E-05,-0.001028471,0.001245281170212002,0.19169522649737564,-0.506642854,1.550725192884573e-06,0.003346984859750435,-0.002794231,0,-0.000118357,-0.000452768,0.005457698522759875,0.012171850326951618,0.48283632782087016,1.9817953908282906,0.0001481539403817122,0.0428033916828946,-0.037568298,3.552713678800501e-18
34242021_2023-03-04T18.10.02.196749Z_WS.POZA.S6.DNZ.MSEED,WS.POZA.S6.DNZ,2023-03-04T18:10:24.613000Z,0.00022752982422192847,0.00022276490569693354,0.0005296500220732583,0.0011871187787336564,-0.060257899,-0.336944676,1.409250994822088e-06,0.0031012770182649637,-0.003385478,-7.11E-18,0.00016565147716894374,-0.000123067,-0.002041977,0.005165485960363859,0.048480857263199235,1.4521155882354222,2.6682245206716138e-05,0.019068087949071534,-0.018315673,-1.60E-17
34242021_2023-03-04T18.10.02.196990Z_WS.POZA.S2.DNZ.MSEED,WS.POZA.S2.DNZ,2023-03-04T18:10:24.608000Z,-8.74E-05,-2.60E-05,0.0002035666954228941,0.0013850968698053516,-0.13049709,0.12557948174447153,1.918493338744583e-06,0.0038112237886913547,-0.004594149,-2.84E-17,-0.00027836,-0.000544319,0.002622336792046447,0.008013094450576982,-0.048952687,1.4428848673259411,6.420968267386763e-05,0.025650433692582884,-0.026816379,-3.55E-18
34242021_2023-03-04T18.10.02.197355Z_WS.POZA.S4.DNZ.MSEED,WS.POZA.S4.DNZ,2023-03-04T18:10:24.613000Z,4.606460892051266e-05,-2.98E-05,-0.000240636,0.0012502775799649321,0.17791312773226453,-0.292388753,1.5631940269629675e-06,0.004134233515398425,-0.003042427,-7.11E-18,-0.000109013,-0.000336684,-0.002121772,0.010624940795163311,0.14556885050561894,0.7789643418135284,0.00011288936690072556,0.030234695531402553,-0.031176296,-3.02E-17
34242021_2023-03-04T18.10.02.199410Z_WS.POZA.S5.DNZ.MSEED,WS.POZA.S5.DNZ,2023-03-04T18:10:24.600000Z,0.00013023670715359481,0.00013224200226490666,-0.000329257,0.0011561722842774562,0.02349821909056854,0.3977677839319238,1.3367343509313508e-06,0.004161573301239694,-0.00328449,0,5.221292329102188e-05,-0.000194556,0.0005539162079723485,0.006509269941028295,0.0871303179116139,1.4441289975742917,4.2370595165174505e-05,0.024043512100309944,-0.019250716,8.881784197001253e-18
34286841_2023-03-09T09.20.27.819598Z_WS.POZA.S3.DNZ.MSEED,WS.POZA.S3.DNZ,2023-03-09T09:20:49.762000Z,0.00012893092729223164,8.916939232876076e-05,-0.000486533,0.0012161160664360571,-0.075776058,-0.435896213,1.4789382870439087e-06,0.0029290280360386306,-0.003020092,0,4.020364650811888e-05,5.05159234717155e-05,-0.001561217,0.002291567069880374,-0.045837524,-0.019047382,5.251279635760123e-06,0.006652059877257103,-0.006244143,1.4210854715202004e-17
34286841_2023-03-09T09.20.27.820128Z_WS.POZA.S2.DNZ.MSEED,WS.POZA.S2.DNZ,2023-03-09T09:20:49.742000Z,-7.82E-05,-8.96E-05,-7.03E-05,0.0012540427692636954,0.28928554652030936,0.05671388183321202,1.572623267142558e-06,0.00399766972073835,-0.002603874,1.0658141036401503e-17,6.0755351848073e-05,8.312751109579495e-05,0.0003900126274710044,0.001554890562781053,-0.077084505,-0.025646487,2.41768466222558e-06,0.004650093422345814,-0.004292914,7.105427357601002e-18
34286841_2023-03-09T09.20.27.820537Z_WS.POZA.S5.DNZ.MSEED,WS.POZA.S5.DNZ,2023-03-09T09:20:49.713000Z,7.837118357328165e-06,4.582527902251571e-05,-0.00068332,0.001105677804929082,-0.197102608,-0.149918297,1.222523408312793e-06,0.002656105744070709,-0.003100918,3.552713678800501e-18,-0.000107158,-3.09E-05,0.0005453920810612693,0.001518308946480817,-0.162898958,-0.094026867,2.3052620569636886e-06,0.0033846650661522454,-0.004483073,-1.42E-17
34286841_2023-03-09T09.20.27.820646Z_WS.POZA.S4.DNZ.MSEED,WS.POZA.S4.DNZ,2023-03-09T09:20:49.742000Z,1.9079311243596144e-05,-2.30E-05,-0.000560634,0.0012852510444916756,-0.020535788,-0.484967295,1.651870247366943e-06,0.002702656123781494,-0.003170329,3.1974423109204506e-17,-8.68E-05,-4.23E-05,-0.001481289,0.001976814196594043,0.027671675056784414,0.09833682081879047,3.907794367855752e-06,0.005235043992497261,-0.006279004,-2.13E-17
34286841_2023-03-09T09.20.27.822731Z_WS.POZA.S6.DNZ.MSEED,WS.POZA.S6.DNZ,2023-03-09T09:20:49.772000Z,4.020957031522553e-05,4.220783752365492e-05,-0.000187956,0.0013223650421027122,-0.097897979,-0.583384749,1.7486493045753077e-06,0.003458354562366917,-0.002759583,3.552713678800501e-17,1.4569435973793693e-05,4.14002728550372e-06,0.0002723716748047832,0.0014543901022658525,-0.036183803,-0.370273993,2.115250569568877e-06,0.003650450589411009,-0.003834267,1.7763568394002505e-17
34302281_2023-03-10T02.12.24.010913Z_WS.POZA.S6.DNZ.MSEED,WS.POZA.S6.DNZ,2023-03-10T02:12:45.662000Z,-3.01E-06,4.441036393481682e-05,-1.30E-05,0.0011353389001417166,-0.10726682,0.2472444215777827,1.288994418175003e-06,0.0032110665170678706,-0.003198967,-7.11E-18,1.4354363605848742e-05,0.0012535025829365884,-0.012909187,0.011871730693797267,-0.150099891,0.7079445715337451,0.00014093798966604814,0.03737077678964158,-0.043422587,2.4868995751603507e-17
34302281_2023-03-10T02.12.24.011676Z_WS.POZA.S5.DNZ.MSEED,WS.POZA.S5.DNZ,2023-03-10T02:12:45.662000Z,-0.000108945,-0.000149749,-0.000456634,0.0011612313442114026,0.2805000724709676,0.1937042924978023,1.3484582347790213e-06,0.004225121156574848,-0.002990193,7.105427357601002e-18,0.00017704878179063715,0.0007135120768284333,-0.007403716,0.012684475361686402,-0.133215164,0.5276494804719314,0.00016089591520122937,0.03761820429682887,-0.041294609,8.881784197001253e-18
34302281_2023-03-10T02.12.24.011947Z_WS.POZA.S2.DNZ.MSEED,WS.POZA.S2.DNZ,2023-03-10T02:12:45.666000Z,5.5884222196870004e-06,-0.000146018,-0.000146018,0.001207237430855833,0.2643141548348492,-0.332164282,1.457422214459392e-06,0.003538946520442539,-0.002947808,1.7763568394002505e-17,9.756962229116467e-05,0.0002188478091213233,-0.020833823,0.01600139930265556,0.10469308090442726,0.4210376356207042,0.0002560447796430258,0.04863700282077053,-0.041943302,1.0658141036401503e-17
34302281_2023-03-10T02.12.24.012759Z_WS.POZA.S4.DNZ.MSEED,WS.POZA.S4.DNZ,2023-03-10T02:12:45.661000Z,2.6376944984236735e-06,-6.71E-05,-0.000105704,0.0012839259710185277,0.023116650107162132,-0.18819505,1.6484658990558695e-06,0.003271203132613173,-0.003330341,-7.11E-18,0.0007341112538688211,0.002139125022014372,-0.018529353,0.02802998688619767,-0.170485767,1.4937734370077447,0.0007856801648404133,0.0857155382516959,-0.086887427,-1.95E-17
34302281_2023-03-10T02.12.24.013111Z_WS.POZA.S3.DNZ.MSEED,WS.POZA.S3.DNZ,2023-03-10T02:12:45.666000Z,8.483817148069484e-05,4.9644773745596926e-05,0.0016233094830975837,0.0012171592871633437,0.15732743515217895,-0.54931562,1.4814767303279788e-06,0.003389070219494778,-0.002521982,-8.88E-19,-0.00028009,-0.000640847,-0.044051035,0.027962738500716285,0.254681547053428,1.143923774766984,0.0007819147444594409,0.103105063672599,-0.07675187,0
34464921_2023-03-26T00.06.58.758495Z_WS.POZA.S6.DNZ.MSEED,WS.POZA.S6.DNZ,2023-03-26T00:07:20.364000Z,-2.59E-05,7.136036398561543e-05,-0.001559992,0.0012461944410130771,-0.212657006,-0.395124176,1.5530005848118957e-06,0.003007559850528094,-0.003402474,-3.55E-17,-1.76E-05,5.232645886709747e-05,-0.00148327,0.003962040218508188,-0.123465391,0.7465810143039056,1.5697762693076408e-05,0.013677674230764205,-0.013496886,-7.11E-18
34464921_2023-03-26T00.06.58.760415Z_WS.POZA.S2.DNZ.MSEED,WS.POZA.S2.DNZ,2023-03-26T00:07:20.364000Z,-2.11E-05,-5.79E-05,-0.000939943,0.0011707605061216512,-0.023707743,-0.255243366,1.3706801626942247e-06,0.0033587911032636423,-0.003281406,-8.88E-18,-7.59E-05,-5.74E-05,-0.000902461,0.005344067066678682,0.055042320014087896,2.4115376896390135,2.8559052813159687e-05,0.020975402363898506,-0.0189794,1.4210854715202004e-17
34464921_2023-03-26T00.06.58.761423Z_WS.POZA.S5.DNZ.MSEED,WS.POZA.S5.DNZ,2023-03-26T00:07:20.336000Z,-9.55E-05,-8.13E-05,-5.17E-06,0.0011958742199126757,-0.074814279,-0.063292813,1.4301151498517508e-06,0.0031035050458839784,-0.003919713,7.105427357601002e-18,-3.27E-05,-0.00011996,-0.000158613,0.004041438387060249,-0.110376388,1.0486106169794507,1.6333224236404148e-05,0.01235456859219294,-0.01493478,-2.66E-18
34464921_2023-03-26T00.06.58.762119Z_WS.POZA.S3.DNZ.MSEED,WS.POZA.S3.DNZ,2023-03-26T00:07:20.384000Z,-1.16E-05,-2.18E-06,5.5216474222598894e-05,0.0011823728231557663,0.13688790187090893,-0.333203218,1.3980054929373368e-06,0.0030871711449776762,-0.003284209,0,0.0001277608360452957,-0.00032839,-0.002746574,0.008279641854269335,0.23027834041999284,1.2164324846507677,6.855246923496855e-05,0.02960930736668813,-0.024624438,-1.60E-17
34465651_2023-03-26T04.13.59.980417Z_WS.POZA.S2.DNZ.MSEED,WS.POZA.S2.DNZ,2023-03-26T04:14:21.921000Z,2.4884891466612712e-05,6.149558305985806e-05,0.0002922450789609957,0.001217457575589748,0.15607685994310036,0.1720572826309006,1.482202948360867e-06,0.0036304992074712734,-0.003507508,1.4210854715202004e-17,-2.17E-06,2.284211420392808e-05,-0.000322696,0.0027612397523999015,-0.404723156,2.5047461529808555,7.62444497023347e-06,0.009963811513738497,-0.011184321,-7.11E-18
34465651_2023-03-26T04.13.59.981926Z_WS.POZA.S3.DNZ.MSEED,WS.POZA.S3.DNZ,2023-03-26T04:14:21.935000Z,0.0001147020341553725,0.00016395123874728257,0.0011238457153488503,0.0012781845300526905,-0.20130209,0.03405598351606276,1.6337556928660174e-06,0.0037721939906346373,-0.004019408,0,-0.000171945,-0.000238982,-0.002330954,0.0034993790043292223,0.3248935272932576,1.0773049148198943,1.2245653415940179e-05,0.012829990192661718,-0.008510239,8.881784197001253e-18
34469021_2023-03-26T11.53.56.208154Z_WS.POZA.S2.DNZ.MSEED,WS.POZA.S2.DNZ,2023-03-26T11:54:17.915000Z,8.755033554738728e-05,0.00017058267192012069,0.00017058267192012069,0.0014044751225785385,-0.087493989,-0.416763328,1.972550369942001e-06,0.003586143738144489,-0.00362917,7.105427357601002e-18,0.0001245780160774503,9.327573420714544e-05,-0.002017438,0.0020407885509444745,0.053217882197734004,0.10697403603283195,4.164817909666048e-06,0.007232454300268879,-0.006124076,-8.88E-18
34469021_2023-03-26T11.53.56.208769Z_WS.POZA.S3.DNZ.MSEED,WS.POZA.S3.DNZ,2023-03-26T11:54:18.017000Z,9.700750883473085e-05,8.977579620661061e-05,-0.000428239,0.001332229666349096,-0.04227829,0.07522591104526644,1.7748358839006238e-06,0.004100658848681774,-0.003729011,-4.26E-17,9.652024086370393e-05,3.208842223216266e-05,0.0019126382479593587,0.0024667594908658243,0.10580176482440398,-0.388072952,6.08490238577662e-06,0.006595564565779398,-0.005993753,-3.20E-17
34491411_2023-03-28T03.31.54.128271Z_WS.POZA.S5.DNZ.MSEED,WS.POZA.S5.DNZ,2023-03-28T03:32:16.313000Z,4.933299802518658e-05,6.046988232502031e-05,-0.000169108,0.001074480438371347,-0.322064879,-0.330490072,1.1545082124426823e-06,0.0025553755994226447,-0.002625361,4.263256414560601e-17,0.0003250423347919865,0.00034861392289115884,0.0007128935839324845,0.0012380675181999094,0.07565687599488506,0.5879499926395124,1.5328111796216832e-06,0.004704742731288014,-0.003124342,2.1316282072803006e-17
34491411_2023-03-28T03.31.54.128524Z_WS.POZA.S6.DNZ.MSEED,WS.POZA.S6.DNZ,2023-03-28T03:32:16.270000Z,9.459299876054678e-05,5.9601067590089654e-05,-0.000995756,0.0011049758657082965,-0.011405898,-0.358762116,1.2209716637977992e-06,0.0032262572207237008,-0.002761517,3.552713678800501e-18,0.00021156776605801448,4.027433316156703e-05,4.027433316156703e-05,0.001275515405280825,0.40508001333734156,0.21662848384469147,1.6269395491087074e-06,0.004377662065750467,-0.002722863,-2.13E-17
34491411_2023-03-28T03.31.54.129354Z_WS.POZA.S2.DNZ.MSEED,WS.POZA.S2.DNZ,2023-03-28T03:32:16.401000Z,6.498534249775725e-05,2.297253580212896e-05,-0.000514662,0.0010901461469272206,0.015248956943720185,-0.301648764,1.1884186216602652e-06,0.0030929950167942425,-0.002817472,1.4210854715202004e-17,9.030453591594146e-05,0.0002537220317032666,0.001059588291497778,0.001412724306705751,-0.312808803,-0.066548467,1.9957899667572447e-06,0.003745418718401707,-0.00400753,1.4210854715202004e-17
34491411_2023-03-28T03.31.54.130204Z_WS.POZA.S3.DNZ.MSEED,WS.POZA.S3.DNZ,2023-03-28T03:32:16.387000Z,2.8331398791570567e-05,6.774856648721653e-05,-0.000181449,0.0011211999283474215,-0.253173355,0.26560556755893483,1.2570892793262633e-06,0.0031193228009802638,-0.003597596,0,0.0002302149526770562,0.0002788784986503845,0.0016223793707212427,0.0020256920647331866,0.1600604521277806,0.2724373479912203,4.103428341123001e-06,0.007149239758573945,-0.005017818,1.7763568394002505e-18
34674981_2023-04-13T23.18.18.486965Z_WS.POZA.S3.DNZ.MSEED,WS.POZA.S3.DNZ,2023-04-13T23:18:43.358000Z,-0.000320657,-0.000283566,-0.000897337,0.0011396004383353692,-0.189245366,0.21111431467700248,1.2986891590541658e-06,0.0025182245561940282,-0.004543647,2.842170943040401e-17,-0.000306065,-0.000225879,-0.001434971,0.002446757805143326,-0.110760527,-0.163346678,5.986623757029786e-06,0.006356631145362511,-0.006501504,-3.55E-18
34674981_2023-04-13T23.18.18.487000Z_WS.POZA.S4.DNZ.MSEED,WS.POZA.S4.DNZ,2023-04-13T23:18:43.369000Z,-4.66E-05,-2.94E-05,9.232928510811007e-06,0.001282452418438147,0.07957285326886905,-0.031598409,1.6446842055578522e-06,0.0037316791111103886,-0.00379052,1.4210854715202004e-17,-8.70E-05,-0.000182863,-0.000605709,0.001982588428052229,0.06772730551871232,0.30902016536928834,3.930656875046608e-06,0.006418680855252106,-0.005249981,2.1316282072803006e-17
34674981_2023-04-13T23.18.18.489840Z_WS.POZA.S2.DNZ.MSEED,WS.POZA.S2.DNZ,2023-04-13T23:18:43.347000Z,-5.86E-05,-3.00E-05,-0.000797248,0.001142892621146625,-0.051380659,0.12067135884571734,1.3062035434714028e-06,0.0031946007304363517,-0.003330808,-3.55E-18,-0.00010224,-0.00022096,-0.001564461,0.00174041810826501,0.25394881408046593,0.0944773613724359,3.0290551915767563e-06,0.005420103482776908,-0.004674308,1.5987211554602253e-17
34674981_2023-04-13T23.18.18.489861Z_WS.POZA.S5.DNZ.MSEED,WS.POZA.S5.DNZ,2023-04-13T23:18:43.315000Z,7.470191460593861e-05,0.0001074894267336606,6.883595787773061e-05,0.0012431606748926722,-0.104881591,0.02884635108311917,1.545448463599604e-06,0.0033321257831517245,-0.003577475,-3.20E-17,-7.65E-05,-4.60E-05,6.883595787773061e-05,0.0016321133025116908,-0.023388592,-0.31761458,2.6637938322356178e-06,0.0037537999888591664,-0.004152591,0
34674981_2023-04-13T23.18.18.490349Z_WS.POZA.S6.DNZ.MSEED,WS.POZA.S6.DNZ,2023-04-13T23:18:43.305000Z,-0.000126031,-0.000126528,-0.00081702,0.0011815738240167832,0.030014052815779835,-0.044561422,1.396116701601644e-06,0.0035965038203401604,-0.002966387,1.4210854715202004e-17,-0.00017361,-0.000126528,-8.79E-05,0.0016888577356027577,-0.008885632,-0.043534521,2.8522404511052746e-06,0.004095484963759463,-0.005384571,1.0658141036401503e-17
34692381_2023-04-15T13.17.55.539433Z_WS.POZA.S6.DNZ.MSEED,WS.POZA.S6.DNZ,2023-04-15T13:18:17.646000Z,-0.000170706,-0.000126721,-0.000126721,0.0013039704308144375,-0.055486787,0.3301255951854829,1.7003388844383898e-06,0.00413394537904866,-0.003926474,0,-7.86E-05,-0.000126721,-0.001853828,0.0017741972611865096,-0.082869483,0.24065758585494823,3.147775921601712e-06,0.004556205243373881,-0.005461485,3.552713678800501e-18
34692381_2023-04-15T13.17.55.539436Z_WS.POZA.S5.DNZ.MSEED,WS.POZA.S5.DNZ,2023-04-15T13:18:17.634000Z,0.0001224168952214201,0.00017189802062653713,0.0003446673132426645,0.0011748173572233925,-0.363528471,0.29009715100865785,1.3801958228333564e-06,0.003453343263090708,-0.003224336,-2.84E-17,-7.75E-06,-7.70E-05,-0.000845391,0.0016558487418187728,0.009469631290584871,0.14598895102906262,2.741835055782813e-06,0.004604748108117474,-0.004990683,-1.02E-17
34692381_2023-04-15T13.17.55.540100Z_WS.POZA.S4.DNZ.MSEED,WS.POZA.S4.DNZ,2023-04-15T13:18:17.642000Z,-5.61E-05,-4.43E-05,-0.001272975,0.0012327403208673014,-0.022015187,0.352134500980958,1.519648698692017e-06,0.0036395296039845168,-0.004420304,-7.11E-18,0.00013509367100445797,5.119924514457864e-05,0.0029109702819029807,0.0025719943337275905,0.14230840198188804,0.1559687116425028,6.615154852726831e-06,0.008283802452948626,-0.006492365,-5.33E-18
34692381_2023-04-15T13.17.55.541619Z_WS.POZA.S2.DNZ.MSEED,WS.POZA.S2.DNZ,2023-04-15T13:18:17.645000Z,-2.22E-05,-6.24E-06,0.00018585379593888206,0.0012726589334071945,0.17970424506332858,1.3001342786029575,1.619660760781138e-06,0.004868780113758921,-0.005225632,-1.42E-17,-1.96E-05,0.00010913251684480088,-0.001157647,0.0018966036231614634,-0.148365534,0.0989150769704974,3.59710530338919e-06,0.004791473176045947,-0.005417728,2.842170943040401e-17
34692381_2023-04-15T13.17.55.542715Z_WS.POZA.S3.DNZ.MSEED,WS.POZA.S3.DNZ,2023-04-15T13:18:17.654000Z,0.0001911101090741068,0.00023860936571303796,0.00023860936571303796,0.0012750431098040747,-0.05296879,-0.060110079,1.6257349318588456e-06,0.0033859387844170116,-0.003292326,-7.99E-18,4.049511069913364e-05,0.0001812148210469218,0.00043070539275713034,0.0029889684774834216,0.11355216907305903,-0.197979351,8.933932559389564e-06,0.009258337757501968,-0.006785194,3.552713678800501e-18
34836221_2023-04-28T20.50.39.467773Z_WS.POZA.S4.DNZ.MSEED,WS.POZA.S4.DNZ,2023-04-28T20:51:01.340000Z,-7.00E-05,-9.97E-05,-0.000868117,0.0011026430690931595,0.09688436481995612,0.3898968238056799,1.2158217378191821e-06,0.003507924064955875,-0.003516465,8.881784197001253e-19,0.0001273197903845801,0.0005521050146754267,-0.004283678,0.024452968161075506,0.15436797494937868,1.0081595411625868,0.0005979476518865723,0.07693194513362854,-0.067191613,1.2434497875801754e-17
34836221_2023-04-28T20.50.39.470042Z_WS.POZA.S5.DNZ.MSEED,WS.POZA.S5.DNZ,2023-04-28T20:51:01.340000Z,-1.05E-05,8.216459351185678e-05,-0.000263374,0.0012487306245684293,-0.071387516,-0.262119903,1.5593281727350594e-06,0.0035738612802102966,-0.003373221,3.552713678800501e-18,0.0004017374182101465,6.225220046444008e-05,-0.007441206,0.012168515982337634,0.30261937744460937,1.9278748404577568,0.00014807278121240644,0.04211019841284773,-0.041255963,-6.22E-18
34836221_2023-04-28T20.50.39.470238Z_WS.POZA.S3.DNZ.MSEED,WS.POZA.S3.DNZ,2023-04-28T20:51:01.344000Z,-5.18E-05,-0.000134326,0.00032658741669009035,0.0011735994019761583,0.12432520274693312,-0.159400845,1.3773355563187965e-06,0.003013003502212913,-0.003166281,0,9.233568224757804e-05,-3.83E-05,-0.021244391,0.02400699954239284,0.43638165113320926,0.998747626947714,0.0005763360270284501,0.08434400158650592,-0.066189005,3.552713678800501e-17
34836221_2023-04-28T20.50.39.470291Z_WS.POZA.S2.DNZ.MSEED,WS.POZA.S2.DNZ,2023-04-28T20:51:01.333000Z,0.00012138915306824124,6.293573761932522e-05,0.0004471277917075099,0.0011994574427884278,0.27982269735636245,-0.094019251,1.4386981570605547e-06,0.003747899768600761,-0.002738855,3.552713678800501e-17,-0.000119626,-0.001069142,0.009850462578966846,0.013594734201345956,0.24479806521548328,3.408471521981677,0.00018481679800524546,0.059132464053695565,-0.04964074,-8.88E-18
35419441_2023-06-30T04.10.40.107451Z_WS.POZA.S5.DNZ.MSEED,WS.POZA.S5.DNZ,2023-06-30T04:11:06.960000Z,-0.00077105,-0.000709224,-0.001169551,0.0011508743444974114,-0.264872869,-0.030256761,1.3245117568223464e-06,0.0026302018754936637,-0.004086131,5.684341886080802e-17,-0.000632891,-0.000709224,-0.000402338,0.0022781087774951746,0.3690173482686994,0.1183869175544956,5.189779602100559e-06,0.006622051022850309,-0.005621728,2.1316282072803006e-17
35419441_2023-06-30T04.10.40.107601Z_WS.POZA.S2.DNZ.MSEED,WS.POZA.S2.DNZ,2023-06-30T04:11:06.886000Z,2.185618767857981e-05,9.729370307971067e-05,0.00040417881945492014,0.0012708572151659148,0.10334778757220407,0.06821185370390426,1.6150780613392646e-06,0.0038583933545352183,-0.003319439,3.552713678800501e-17,0.00013085896985371207,6.600309382127991e-07,0.00255354595132029,0.0023813216916261444,-0.005111643,0.04119440871215474,5.6706929990092025e-06,0.006774973277340285,-0.006888442,3.730349362740526e-17
35419441_2023-06-30T04.10.40.108520Z_WS.POZA.S6.DNZ.MSEED,WS.POZA.S6.DNZ,2023-06-30T04:11:07.000000Z,-0.00028686,-0.000345218,-0.000863526,0.001194067768630538,0.07554350080999978,-0.105056342,1.4257978360823119e-06,0.0027827850334567095,-0.003703384,-4.97E-17,-0.000246792,-0.000345218,-0.001822834,0.0021852857959277975,0.14271609074259695,-0.232250935,4.775474009883788e-06,0.006774634180813355,-0.00577603,-7.11E-18
35419441_2023-06-30T04.10.40.108841Z_WS.POZA.S3.DNZ.MSEED,WS.POZA.S3.DNZ,2023-06-30T04:11:07.000000Z,-0.000184598,-0.000152588,0.001382423465337379,0.0012665396762651991,-0.085138136,-0.052967929,1.6041227515539556e-06,0.003224905480827539,-0.003684109,1.7763568394002505e-17,-0.000137796,-5.68E-05,-0.002916311,0.003722166881074697,0.05590900870613128,-0.169615179,1.3854526290569339e-05,0.010824411721452645,-0.00982474,1.4210854715202004e-17
35419441_2023-06-30T04.10.40.109398Z_WS.POZA.S4.DNZ.MSEED,WS.POZA.S4.DNZ,2023-06-30T04:11:06.981000Z,-0.000270124,-0.000255843,-0.000908267,0.0012290294930850031,-0.127755124,0.31912633807226154,1.5105134948727798e-06,0.0035052561719049993,-0.004247693,5.3290705182007515e-18,-1.30E-05,0.00012776291591822485,-0.00117767,0.0030901338454322833,0.13916056550380393,-0.240825598,9.548927182686111e-06,0.008725817102001387,-0.007816696,-7.11E-18
