File,Trace ID,P-Pick Time,S1 Mean,S1 Median,S1 Mode,S1 Std Dev,S1 Skewness,S1 Kurtosis,S1 Variance,S1 Max,S1 Min,S1 Z-Score,S2 Mean,S2 Median,S2 Mode,S2 Std Dev,S2 Skewness,S2 Kurtosis,S2 Variance,S2 Max,S2 Min,S2 Z-Score,S3 Mean,S3 Median,S3 Mode,S3 Std Dev,S3 Skewness,S3 Kurtosis,S3 Variance,S3 Max,S3 Min,S3 Z-Score
34161341_2023-02-21T00.07.00.489723Z_WS.POZA.S5.DNZ.MSEED,WS.POZA.S5.DNZ,2023-02-21T00:07:22.443000Z,-7.79666718208222e-05,-0.0001018146907883579,-0.0001018146907883579,0.0011798796567957578,-0.2443397691954191,0.482301827832885,1.3921160045204753e-06,0.0026999761426855914,-0.004131145989763145,-1.7763568394002505e-17,0.000433601446639144,0.012430108439366438,-0.040786347638053375,0.0868698537774855,-0.6828455708584724,0.4938668225980516,0.007546371495321713,0.16996759169137865,-0.3137571447022656,-7.105427357601002e-18,-0.0005311797654798071,0.003198957286104893,-0.055218147328363894,0.07256379535655033,-0.13938396101425718,-0.412399752933045,0.005265504396547316,0.16110189151639678,-0.19665470382580988,0.0
34161341_2023-02-21T00.07.00.490024Z_WS.POZA.S3.DNZ.MSEED,WS.POZA.S3.DNZ,2023-02-21T00:07:22.444000Z,4.7646716744445575e-06,8.548951308805726e-05,-0.00020236169816919186,0.0010930607713032293,-0.17183145533750235,-0.2747128714329956,1.1947818497620106e-06,0.002638082604160687,-0.003272969837780199,-3.552713678800501e-18,0.0008525031800961057,0.0063417877109511935,-8.698695021806543e-05,0.15840379507503102,-0.20641116309582988,0.17770118771528054,0.025091762294172423,0.3740961613387385,-0.46742323820734943,3.552713678800501e-18,-0.006469339966608592,-0.015075162328613998,-0.13645759639299362,0.1575984313969571,0.14361733437933816,1.214805287539277,0.024837265578781388,0.546660473438001,-0.5037323156117886,-1.7763568394002505e-17
34161341_2023-02-21T00.07.00.490032Z_WS.POZA.S2.DNZ.MSEED,WS.POZA.S2.DNZ,2023-02-21T00:07:22.442000Z,2.7043083468462694e-05,0.00012671749516007935,0.00035629567382231356,0.0011600178991481027,-0.00013472266439871675,-0.29155290788358723,1.3456415263439777e-06,0.003542278561383332,-0.002828515896500917,3.552713678800501e-17,0.0014274043795445147,0.014001555838766281,-0.014611967311526761,0.09331820095088884,-0.5124187564506503,0.04890659040659484,0.008708286628710472,0.18965521715344988,-0.30036417807760346,-1.3322676295501878e-17,-0.0015842021681503925,-0.00722388383237427,-0.1542446952623374,0.084623318912017,0.2071368313570683,1.092603215539774,0.007161106103684935,0.2754389777182829,-0.281556922844467,-2.842170943040401e-17
34161341_2023-02-21T00.07.00.490708Z_WS.POZA.S4.DNZ.MSEED,WS.POZA.S4.DNZ,2023-02-21T00:07:22.444000Z,9.016675309691544e-05,8.939368371955596e-05,-0.0009653774891657122,0.0012194890437360341,0.19244235636291554,-0.08245659441875164,1.4871535277922272e-06,0.004215358654835841,-0.0026930704153247556,0.0,0.00014360458813233445,0.007228572249781289,-0.009333267837967186,0.11495964281498952,-0.5708955898004255,1.0727243774836719,0.013215719476149971,0.3056269095767261,-0.3741898026187585,-1.7763568394002505e-17,-0.0010464021877924523,0.0033714245848031786,0.021372813558145118,0.14712895421760572,-0.04358351436492693,0.8931099118774033,0.021646929169166315,0.41405574630524405,-0.4534481548502791,-1.7763568394002505e-17
34161341_2023-02-21T00.07.00.493150Z_WS.POZA.S6.DNZ.MSEED,WS.POZA.S6.DNZ,2023-02-21T00:07:22.441000Z,0.00013501237662886476,0.00017404769490449214,0.0003280759117115486,0.0012863031580320657,-0.2123239027174251,0.28438104252245866,1.6545758143632653e-06,0.003782290446791847,-0.004738456801577782,-5.3290705182007515e-18,0.0007472341279909589,0.009558641406354757,-0.0219333938565052,0.09149911992160466,-0.5440405551492642,0.30026743349151586,0.008372088946428189,0.202752778361198,-0.29521166169571267,-1.7763568394002505e-17,-0.002587356120199489,-0.007521506559242103,-0.07735661161045705,0.06957676642877991,0.25192041930612213,-0.1607284166628471,0.004840926426684996,0.18463718595714498,-0.19096677014159544,-1.0658141036401503e-17
34161511_2023-02-21T00.12.34.318024Z_WS.POZA.S3.DNZ.MSEED,WS.POZA.S3.DNZ,2023-02-21T00:12:56.435000Z,2.3496376945715777e-05,6.645560796898166e-05,-0.0005859680936373673,0.0012331380504971255,-0.12022830205174379,-0.24047089370274133,1.5206294515838514e-06,0.0032905063057681516,-0.003503133675061328,-2.1316282072803006e-17,-2.4752522725007227e-05,-1.0265671123984249e-05,0.0012559282632338988,0.0019878609218279366,-0.03495017451749197,-0.22794067505450855,3.951591044530614e-06,0.0052097096003523935,-0.005767875554877824,-1.0658141036401503e-17,-0.00010363839607484657,-2.9592405552506878e-05,-0.0006246215624944125,0.0015868815689179942,-0.20141517005720702,0.1633472923541759,2.5181931137716345e-06,0.004365189871700836,-0.004731259799182175,4.263256414560601e-17
34161791_2023-02-21T00.40.23.069600Z_WS.POZA.S5.DNZ.MSEED,WS.POZA.S5.DNZ,2023-02-21T00:40:44.543000Z,7.700283296451346e-05,8.307419585540857e-06,-0.00027983662098059767,0.001147726086765446,0.20489587668969056,-0.053492705134638996,1.317275170241924e-06,0.0032130313829567456,-0.0026587819315082016,8.881784197001253e-18,-0.0001707167070812494,-0.00031731877259873957,-0.0008936068537310167,0.0014731031810596125,-0.10590780829736966,0.7480854436574846,2.1700329820479497e-06,0.0038279729329460683,-0.005806111350213291,2.4868995751603507e-17,3.6643180541948704e-06,2.7048495394611793e-05,-0.00047193264802469,0.0013432164757104412,-0.21733075536779306,0.2043619066122857,1.8042305006199783e-06,0.004134858049321278,-0.004155725361767222,-2.842170943040401e-17
34161791_2023-02-21T00.40.23.070024Z_WS.POZA.S3.DNZ.MSEED,WS.POZA.S3.DNZ,2023-02-21T00:40:44.543000Z,0.0001269494580469053,8.548951308805726e-05,-0.00012564041907511068,0.0012461978034523915,0.09152526225365658,0.2690945396733806,1.5530089653295657e-06,0.0036741127012374425,-0.0034650658648242914,1.0658141036401503e-17,5.478928827814956e-05,2.7802139113051684e-05,0.00014317688706306286,0.0017732307445343348,0.07745946864860327,0.45890724954678763,3.1443472733617915e-06,0.004902238825358289,-0.0050387305741762785,-2.1316282072803006e-17,0.00014737723067896662,2.7802139113051684e-05,-0.0015072091013830049,0.0021378959872926937,0.0955898583502527,0.45905703059946346,4.570599252482202e-06,0.006053643670385055,-0.0068806269310475445,-7.105427357601002e-18
34161791_2023-02-21T00.40.23.070032Z_WS.POZA.S2.DNZ.MSEED,WS.POZA.S2.DNZ,2023-02-21T00:40:44.556000Z,7.09789353851284e-06,1.0757088590058858e-05,-0.0008712447916796396,0.001109565862056922,0.03992601716114502,-0.29036357722885553,1.2311364022421206e-06,0.002889854859775868,-0.003097918861257985,-2.842170943040401e-17,-9.128806919073388e-05,-0.00010403200074105825,-0.00041091711711626776,0.001482282479230141,0.021897484660505815,0.5281807311573674,2.197161348232653e-06,0.004693683406410098,-0.0049017474078922145,0.0,4.244356251467046e-05,3.0083823018581485e-05,-0.00014268546959698826,0.0015553914897453052,-0.014731736564231457,0.4916848522208608,2.41924268637212e-06,0.004770990344123074,-0.004977883028367401,-1.4210854715202004e-17
34161791_2023-02-21T00.40.23.070708Z_WS.POZA.S4.DNZ.MSEED,WS.POZA.S4.DNZ,2023-02-21T00:40:44.543000Z,0.00011215003502107168,5.132587348196239e-05,-0.0008119349309786651,0.0013482601318538462,-0.148638126815524,-0.3732257881637966,1.8178053831465506e-06,0.003525452801610235,-0.0038831287292085664,-2.1316282072803006e-17,0.00013696790466137995,0.00014737388700400856,0.0006850084992803556,0.0016327452260650446,-0.28550288994144446,2.3696079904752354,2.6658569732381936e-06,0.006556821813745303,-0.007529439291332957,-7.105427357601002e-18,0.00010077888727383195,0.00024283624190771832,0.00045425900338033333,0.0021442181309530386,-0.0674767580339513,0.874204403299951,4.597671393107742e-06,0.007401341542396859,-0.006415516597924333,7.105427357601002e-18
34161791_2023-02-21T00.40.23.072380Z_WS.POZA.S6.DNZ.MSEED,WS.POZA.S6.DNZ,2023-02-21T00:40:44.556000Z,-0.00024955032283251514,-0.00030507075991705507,-0.00030507075991705507,0.0011244224645314469,0.034593658208044276,-0.1903363645282461,1.264325878742973e-06,0.0027268839108380225,-0.0034910536474791892,-5.5067062021407764e-17,-1.4490379495844392e-05,1.8143564581544069e-06,0.0004627276896404203,0.0014638184040599636,-0.06118265462672542,0.1904029346769538,2.142764320064659e-06,0.003533335829251428,-0.004642458492505955,-4.618527782440651e-17,2.634408205789541e-05,9.786236998020058e-05,0.0006928915269215487,0.0014211793592480515,-0.21586311366331085,0.21794873085703292,2.019750771152702e-06,0.003955010034957754,-0.0038746600429484797,4.4408920985006264e-17
34162221_2023-02-21T01.06.56.699238Z_WS.POZA.S3.DNZ.MSEED,WS.POZA.S3.DNZ,2023-02-21T01:07:18.383000Z,5.791002771741396e-05,0.00016141698941168897,-0.0006063814601457864,0.001233394232171373,-0.34137402923213733,0.5776306446141706,1.5212613319536106e-06,0.003424121156066789,-0.004290759832508329,4.618527782440651e-17,-1.408850027251811e-05,8.267260533531273e-06,-0.000951334386759147,0.0019083654786862486,-0.0926630216923619,0.34075018193599904,3.641858800241395e-06,0.006225911989539623,-0.0065168482434677785,-7.105427357601002e-18,4.4252468721476606e-05,6.566180519908984e-05,-0.00045235324333873,0.0015792201819454874,-0.29266871613776824,0.15503424808508148,2.4939363830639386e-06,0.004767622028137648,-0.004406134580458339,2.1316282072803006e-17
34162431_2023-02-21T01.31.15.097675Z_WS.POZA.S5.DNZ.MSEED,WS.POZA.S5.DNZ,2023-02-21T01:31:36.847000Z,-4.168718680406941e-07,2.8036766479209523e-05,-0.0004902711113680574,0.0010908481882573322,0.07284795303840293,0.05156129270686538,1.1899497698243041e-06,0.0033867889466563557,-0.0027544273325656593,-7.105427357601002e-18,7.646370637017451e-05,0.00012349912138236166,-0.0008744631654573573,0.0018515439977146292,-0.26226440081630464,-0.035003908562851294,3.428215175473071e-06,0.004538193791683122,-0.006055199309458911,-2.4868995751603507e-17,-9.40519718796902e-05,-0.00012540579170839522,0.00027694167957052404,0.001578144798073716,0.2148695927751856,0.37924539245583677,2.4905410036871295e-06,0.005650945167853957,-0.0041752351423494935,2.1316282072803006e-17
34162431_2023-02-21T01.31.15.097936Z_WS.POZA.S6.DNZ.MSEED,WS.POZA.S6.DNZ,2023-02-21T01:31:36.924000Z,-4.4996337163980574e-05,-0.0001591739988971017,-0.00042740564641638115,0.0012060732644311545,0.18539772155048792,0.604628288909105,1.4546127191756216e-06,0.0036792325902713814,-0.004073716208540771,-7.105427357601002e-18,8.101815872420892e-06,1.3888123028472704e-05,-0.0016941852393931585,0.0021654428759333645,-0.1741698141360416,0.20492494634901304,4.68914284893056e-06,0.006634465981932377,-0.00725969909610179,2.842170943040401e-17,0.00011161346283549097,9.060940212255388e-05,0.0007239991986103849,0.0016746039588702527,0.04336161874681361,0.38370682500810016,2.8042984190639233e-06,0.004946012183249274,-0.005187053243329387,-2.1316282072803006e-17
34162431_2023-02-21T01.31.15.099238Z_WS.POZA.S3.DNZ.MSEED,WS.POZA.S3.DNZ,2023-02-21T01:31:36.929000Z,1.5243626003305103e-05,7.974431223526609e-06,-6.874684787055458e-05,0.0010916744503068454,0.1868164393514212,0.5835199600432377,1.191753105452753e-06,0.0032706785978797418,-0.003100701518624517,3.552713678800501e-17,-1.838020663285786e-05,0.00020007045826761898,-0.0005677279912898564,0.003241432765495383,-0.15583936964109732,-0.2394156060263497,1.0506886373227046e-05,0.008490653869356119,-0.008512772817146103,-1.7763568394002505e-18,-3.45045597321436e-05,4.662790008057187e-05,-0.00022218940605760168,0.0024559028899678276,-0.45486048385572564,0.4571022872790831,6.0314590049523265e-06,0.006379354547727785,-0.008474119348290171,2.4868995751603507e-17
34162431_2023-02-21T01.31.15.100647Z_WS.POZA.S2.DNZ.MSEED,WS.POZA.S2.DNZ,2023-02-21T01:31:36.941000Z,8.222789651476101e-05,0.00010427677220464375,-0.0003560509023587281,0.0013158051307177098,0.35811671963280495,0.4817293217728249,1.7313431420230495e-06,0.004979299117068775,-0.0026975140612693054,0.0,-0.00025264233131270836,-0.00014462814088667076,0.00014293024106057373,0.0020968433647507493,-0.3185393711517057,0.7218713970383841,4.396752096299243e-06,0.006014743555526637,-0.008070346232314951,-7.105427357601002e-18,-9.234053937884534e-05,-0.00020260834417168102,-0.00027874396464575284,0.001503592578515179,0.024112590647991303,-0.37703053841439393,2.2607906421659246e-06,0.003711933865471989,-0.0037716119685830963,-3.552713678800501e-17
34162431_2023-02-21T01.31.15.101079Z_WS.POZA.S4.DNZ.MSEED,WS.POZA.S4.DNZ,2023-02-21T01:31:36.906000Z,-0.00011431378181146873,-0.00013469938702272429,-0.0003256240968290285,0.0011145068001905153,0.0031468506421541195,-0.10832724010838479,1.2421254076709012e-06,0.0024375132677878753,-0.0034354713639159758,0.0,-0.00012201167870010373,-5.7392449309749056e-05,-0.0018998744648010245,0.0024351367470425577,-0.1858386478842774,0.36515442461028425,5.92989097679701e-06,0.006275919856956358,-0.008309322391542319,4.4408920985006264e-17,-1.2699668774048225e-05,-5.7392449309749056e-05,0.0003267996047784357,0.002686088242158667,-0.09220898228486839,0.26244889749013867,7.215070044663038e-06,0.007734209818358334,-0.008233186771067132,1.4210854715202004e-17
34162741_2023-02-21T02.39.54.850647Z_WS.POZA.S4.DNZ.MSEED,WS.POZA.S4.DNZ,2023-02-21T02:40:16.708000Z,4.357782109926337e-05,8.635432663385814e-05,0.0004318929118661129,0.001245436718507063,-0.08144958355788061,-0.019188849832512123,1.5511126198056412e-06,0.0037713183576152938,-0.003443995828921627,2.842170943040401e-17,-0.00012177469076516878,-8.641496598226923e-05,-0.0010263970495369779,0.001574738026957841,-0.0883610935014626,0.29197274459532796,2.4797998535470738e-06,0.004308952969890526,-0.005247824375555858,3.907985046680551e-17,1.7635486910379623e-05,8.635432663385814e-05,-0.0013719356347681173,0.0017454733793176725,-0.22790311572935637,-0.046196206935043005,3.0466773179066554e-06,0.004078203473990503,-0.005709323367357018,2.1316282072803006e-17
34162741_2023-02-21T02.39.54.852047Z_WS.POZA.S3.DNZ.MSEED,WS.POZA.S3.DNZ,2023-02-21T02:40:16.584000Z,1.1758334915951823e-07,-4.134298224676059e-06,0.00022602953905645224,0.0012362940345982147,0.06827917768368996,-0.17704960244451318,1.5284229399831318e-06,0.0032966376786674597,-0.003420281023067938,-1.4210854715202004e-17,0.0001014482376149684,-8.085557731875725e-05,-4.278776708172131e-05,0.0018077505475611226,0.4146151796705048,0.7528360444894773,3.2679620422075388e-06,0.006482620566229593,-0.004686474957425821,2.6645352591003756e-17,-0.00011104510781303395,-0.00010018231174727988,-0.0005417689105010231,0.0018170224679594292,-0.024516336359897868,-0.17441181541912876,3.301570649069375e-06,0.005599447368720992,-0.00530083084879625,0.0
34163051_2023-02-21T03.41.55.050319Z_WS.POZA.S3.DNZ.MSEED,WS.POZA.S3.DNZ,2023-02-21T03:42:16.904000Z,2.0929451708578476e-05,1.2870789110767192e-05,-0.0009083702186348707,0.0012163690756719799,0.06190378522022558,0.06387062059795579,1.4795537282511068e-06,0.004426394142173739,-0.003287901187782484,-2.842170943040401e-17,0.00018352234016014336,0.0005885732116241503,-0.007126307776950966,0.020179408182482466,0.17067161109567328,1.0786324919338783,0.00040720851459524033,0.06910008978381565,-0.05936354264334069,2.1316282072803006e-17,9.860503808773014e-06,-0.0004861103543090923,-0.016990555897391454,0.02142823493466046,0.4777787726145786,1.6297844836531876,0.000459169252415003,0.0871008930985376,-0.05491136582142067,-3.552713678800501e-18
34163051_2023-02-21T03.41.55.052143Z_WS.POZA.S5.DNZ.MSEED,WS.POZA.S5.DNZ,2023-02-21T03:42:16.905000Z,4.602428003128156e-06,2.7714859744489786e-05,0.00029711782450155737,0.0010946210484308117,0.19430589631302767,0.28390474558914924,1.1981952396677697e-06,0.003291004685019599,-0.003042307621247624,-3.1974423109204506e-17,7.523754272797595e-05,-0.0003746326115338718,-0.010334928745496404,0.010527941274628682,-0.0985335859224844,1.9229377664318683,0.0001108375474820302,0.0395233608103646,-0.03869954698269813,2.4868995751603507e-17,0.0002080789733324339,0.0005846762064488019,-0.007302388416122433,0.008723998837188792,0.07006559453086025,-0.3357337006774328,7.610815571127139e-05,0.02267279102343053,-0.02012245558684393,-7.105427357601002e-18
34163051_2023-02-21T03.41.55.052276Z_WS.POZA.S4.DNZ.MSEED,WS.POZA.S4.DNZ,2023-02-21T03:42:16.904000Z,2.5762227352308585e-05,-2.25241544702601e-05,-0.0009056973519777467,0.0011845939450070245,0.011072737765096399,-0.4416638511844706,1.4032628145473057e-06,0.003316901291278921,-0.003323296131362396,-7.105427357601002e-18,0.00015522557904215116,0.0011482074249850286,-0.02105586779856616,0.01740412882585116,-0.06261083901222292,2.738271096449715,0.0003029037001868232,0.06848899241772125,-0.064427402489974,2.97539770599542e-17,0.0002509784206201856,-0.0016155155982507695,0.0028940557683348063,0.02063823326056523,0.9216972021114469,2.4040221346642214,0.00042593667211750106,0.07954271319342666,-0.04585031109411868,1.7763568394002505e-17
34163051_2023-02-21T03.41.55.052397Z_WS.POZA.S2.DNZ.MSEED,WS.POZA.S2.DNZ,2023-02-21T03:42:16.920000Z,-1.3254353240466871e-05,4.408396819781615e-05,-0.0011846278145419252,0.001212150426655428,-0.43900651850727057,0.5850831229651141,1.4693086568409361e-06,0.0033448559450910673,-0.0038329760898277118,1.0658141036401503e-17,0.000214609016985494,-0.0003207813514624036,-0.0008777426981667158,0.011620751798779711,-0.23093949192513843,2.868161542966199,0.00013504187236884187,0.04445106309806241,-0.04451750903709272,1.7763568394002505e-17,-4.825331231408296e-05,0.00035096908457358324,-0.006519977833969429,0.01200689195821617,0.10512148542584313,0.3509404546536534,0.00014416545449627614,0.03681407470581916,-0.03396276940480663,-2.1316282072803006e-17
34163051_2023-02-21T03.41.55.053482Z_WS.POZA.S6.DNZ.MSEED,WS.POZA.S6.DNZ,2023-02-21T03:42:16.910000Z,-8.960924819215843e-06,-4.230832658668532e-05,-0.0011550597027575214,0.0011563938665933885,-0.020612274783723575,-0.1331662215585463,1.337246774694808e-06,0.0032203958400684146,-0.003189637745291774,1.4210854715202004e-17,0.00010648175953091254,-0.00011902960568076652,0.010397642216367183,0.012186238386600347,-0.1842003184719502,1.4734219797921062,0.00014850440601505183,0.034655036558262256,-0.043183093522093395,1.0658141036401503e-17,7.394256665718251e-05,-2.2981592158720332e-05,0.00014978770045740702,0.008329168955003938,0.00918221427354699,0.26491459404295403,6.937505548100139e-05,0.022564700026861204,-0.023800135866443563,-1.7763568394002505e-17
34163411_2023-02-21T04.49.09.159092Z_WS.POZA.S4.DNZ.MSEED,WS.POZA.S4.DNZ,2023-02-21T04:49:31.097000Z,-9.82228134541679e-05,-0.00019429893858959532,-0.0009615117295281765,0.0012140055701287884,0.11674241448921346,0.5891614428893277,1.4738095243037246e-06,0.0038362036776229797,-0.004377072795752545,2.1316282072803006e-17,-1.5822988390205857e-05,9.384510197654322e-05,0.0008423168171060536,0.0023974596681160584,-0.3429583058875824,0.968344460810564,5.747812860243161e-06,0.006599341042239884,-0.009520326788135957,3.552713678800501e-18,3.6089791601273056e-05,0.00011258617778561416,-0.0011922612254293143,0.007873751624884521,0.20811570312972738,0.892727636336546,6.199596465037163e-05,0.023679489007836185,-0.01880887248606306,-1.7763568394002505e-17
34163411_2023-02-21T04.49.09.159201Z_WS.POZA.S5.DNZ.MSEED,WS.POZA.S5.DNZ,2023-02-21T04:49:31.088000Z,7.252607138841474e-05,-4.606745633230958e-05,-0.0006211842202267985,0.001212289468083081,-0.10131215382308181,0.12129565493123406,1.4696457544251598e-06,0.003216051051703896,-0.003768513638931887,2.4868995751603507e-17,0.0001354351776109029,0.00018468203956882804,-0.00043025951042049434,0.0018441268003916433,-0.24275130408031986,-0.1414811417387578,3.40080365592272e-06,0.004483416303300683,-0.005150667979858675,-1.0658141036401503e-17,-4.327035076760611e-05,-6.539419076027458e-05,-0.0001995100145193567,0.002673405443589509,0.31427660690367754,1.5425715071861053,7.147096665814019e-06,0.009434574268640002,-0.007684227165813345,-1.7763568394002505e-17
34163411_2023-02-21T04.49.09.160249Z_WS.POZA.S6.DNZ.MSEED,WS.POZA.S6.DNZ,2023-02-21T04:49:31.048000Z,8.389864282105424e-05,0.00010542511102237939,-6.705135228430095e-05,0.0012414014424930767,0.05378335389082404,-0.2509079652115598,1.5410775414238916e-06,0.0035792592098400893,-0.0027921209066630536,0.0,1.2645543093739755e-06,-4.801744716522535e-05,-0.000642753774797684,0.0021590613183482695,-0.00020076056451514602,0.13289276935365057,4.661545776387768e-06,0.007801272194478979,-0.0065151527478815256,1.7763568394002505e-17,-3.08014264001471e-05,-4.801744716522535e-05,-0.0029074956546141805,0.0026338975849514268,0.08022935722285517,1.4679473698335421,6.937416488012958e-06,0.009643168551350244,-0.00858779860065393,-1.4210854715202004e-17
34163411_2023-02-21T04.49.09.161007Z_WS.POZA.S3.DNZ.MSEED,WS.POZA.S3.DNZ,2023-02-21T04:49:31.055000Z,-0.0002066261052089603,-0.00018366125943936368,-3.021870125120131e-05,0.0011696260721846372,0.20758169914658522,-0.174196992392897,1.3680251487340619e-06,0.002925600349028689,-0.003024105561769243,7.105427357601002e-18,0.00014894364084970153,0.0001232238569358458,0.0014667247290067044,0.003352679760071847,0.05633080360815232,-0.1606300850894904,1.1240461573595416e-05,0.009565212113051112,-0.00820542736438969,2.3092638912203255e-17,3.847889300546748e-06,0.00023859860488585695,-0.0020642110851676753,0.007236183176373652,-0.27508917666352345,1.5926477478058496,5.236234696203307e-05,0.020427422520331317,-0.025976066841830493,-1.4210854715202004e-17
34163411_2023-02-21T04.49.09.161225Z_WS.POZA.S2.DNZ.MSEED,WS.POZA.S2.DNZ,2023-02-21T04:49:31.062000Z,7.255363585712979e-05,0.0001352284786319666,0.0011144496896620568,0.0012562014652123504,0.17220663250142731,0.07221860102317379,1.5780421212016559e-06,0.004261779108367145,-0.003222938042926843,3.552713678800501e-17,-5.424379779889597e-05,-3.695515536470907e-05,-0.0013429738758174257,0.0020172682310748294,0.03308853685385159,-0.18744145920056532,4.069371116103771e-06,0.005527973042725029,-0.005142726996129979,-3.552713678800501e-18,0.00011787892770161099,9.716066839437302e-05,-0.00022905118240880144,0.0037046970449594353,-0.01040944673710809,3.211844829614371,1.3724780194931173e-05,0.014432326686563949,-0.014276658818631133,-1.1546319456101627e-17
34163481_2023-02-21T05.15.35.189899Z_WS.POZA.S4.DNZ.MSEED,WS.POZA.S4.DNZ,2023-02-21T05:15:57.063000Z,8.266592051084494e-05,0.00012428984988344726,0.0002004254703575191,0.0011993291030592266,-0.08622703413129965,0.24649061063830535,1.438390297444849e-06,0.0032329657997314906,-0.0038289058286172678,-1.4210854715202004e-17,-3.1494656194306845e-06,-0.0002212487353488075,-0.0002212487353488075,0.004415424273833863,-0.0880664188944236,0.3092985468484466,1.94959715179613e-05,0.013020492641079011,-0.013078798057688442,1.4210854715202004e-17,0.00030205363920212324,6.630964659843699e-05,-0.0023319623983582474,0.012463521521939018,-0.02063652411290993,1.3331164217112574,0.00015533936872783708,0.03800703196367451,-0.03441902681815955,7.105427357601002e-18
34163481_2023-02-21T05.15.35.190426Z_WS.POZA.S6.DNZ.MSEED,WS.POZA.S6.DNZ,2023-02-21T05:15:57.060000Z,-2.0990435512947422e-05,-4.556701380182972e-05,0.0004537069589263615,0.0011554533224471882,-0.09190730657104888,-0.045691966406429696,1.335072380354246e-06,0.0032935656026373467,-0.0035381421884291687,0.0,1.4158452167212634e-05,-0.0001413221980149865,-0.0024248051536405538,0.0035277353155071956,-0.1449841736654663,0.3066451999777211,1.2444916456276652e-05,0.009550156629810487,-0.011790072130661737,7.105427357601002e-18,-5.779709859328255e-06,-7.206374255346757e-06,0.000146236183932258,0.005224783079635772,0.11661337974170954,2.751436850186778,2.7298358229248266e-05,0.020795973432559983,-0.017432307266464452,4.263256414560601e-17
34163481_2023-02-21T05.15.35.191097Z_WS.POZA.S2.DNZ.MSEED,WS.POZA.S2.DNZ,2023-02-21T05:15:57.060000Z,0.00014007896598091282,0.0002252899524163604,0.00026277210403450224,0.0011029882531144544,-0.22420856129571243,0.00897536201350757,1.2165830865084755e-06,0.0029111203793202893,-0.0033448849892339584,2.1316282072803006e-17,-2.8787497597713445e-05,0.00014798301470338515,-0.0005430941557600091,0.0033486422128706354,-0.2045995769743253,0.07418235726292233,1.1213404669819144e-05,0.00809302784055963,-0.010829602140526832,3.907985046680551e-17,-0.00019315610298217156,-0.00019755557052886957,-0.0008499792721352185,0.007130324326608354,-0.03171735318768297,3.405841261158904,5.0841525002622874e-05,0.026209791561851582,-0.02284263173421491,-7.105427357601002e-18
34163481_2023-02-21T05.15.35.191190Z_WS.POZA.S5.DNZ.MSEED,WS.POZA.S5.DNZ,2023-02-21T05:15:56.921000Z,-7.263103149052128e-05,-0.00016821988865482808,-0.0009740861484504547,0.0011470035514450972,0.3629081443141116,0.16143214849381815,1.3156171470276658e-06,0.0040157252857447945,-0.0028938751016535902,0.0,-0.00019266293677944128,-1.4777330467780984e-05,-0.0022789335516642676,0.003215416257908086,-0.1263601668381311,0.5919394129771205,1.033890171161964e-05,0.009312421836316368,-0.012411998978244044,2.3092638912203255e-17,8.567952113860233e-05,0.00011933849329185875,-0.0023948939582342883,0.005627152112641567,0.04112128927552932,2.693306410854217,3.166484089880645e-05,0.020442278232495843,-0.01797692717633378,-2.842170943040401e-17
34163481_2023-02-21T05.15.35.193431Z_WS.POZA.S3.DNZ.MSEED,WS.POZA.S3.DNZ,2023-02-21T05:15:57.069000Z,-8.377974999715702e-05,-2.0980747595382355e-05,-0.0005966831701087654,0.0012129577556329978,-0.2204791285234862,0.1584230115752847,1.4712665169502393e-06,0.002857531364971533,-0.004665253596558377,0.0,2.1531040243619348e-05,0.0002859043687803847,0.0041243109579494255,0.006374564947724915,-0.07200187983019476,-0.356758151361821,4.063507827276315e-05,0.0183253611523588,-0.016410051542727174,4.263256414560601e-17,-8.83286424185406e-07,0.00032455783763687236,-0.0019401840421796237,0.013441713321180182,-0.2965519619731334,1.8187668962722556,0.00018067965700879277,0.03958886863373695,-0.04074416716371632,5.3290705182007515e-18
34163561_2023-02-21T05.33.59.897899Z_WS.POZA.S4.DNZ.MSEED,WS.POZA.S4.DNZ,2023-02-21T05:34:21.731000Z,0.0001854762306082351,1.285218133017338e-05,-0.0008316675473213832,0.0011606706254622744,0.28592541011685624,0.00022923286733389503,1.3471563008109873e-06,0.0033909310959352843,-0.0029037277414748932,-5.329070518200751e-17,-4.900302730427422e-06,-0.00012126364242946636,-0.000869149698939525,0.0026200294825126243,-0.16529751758088407,-0.039147109894026144,6.864554489235369e-06,0.007229337685103767,-0.007740096617481979,0.0,7.581253758507531e-06,1.285218133017338e-05,-0.00010193690800094373,0.002453761790195486,0.04751752723683597,-0.5256453067091238,6.020946923023356e-06,0.0065382605146403735,-0.006281806656080004,-3.1974423109204506e-17
34163561_2023-02-21T05.33.59.898424Z_WS.POZA.S6.DNZ.MSEED,WS.POZA.S6.DNZ,2023-02-21T05:34:21.686000Z,2.556119708135385e-05,7.399047960669179e-05,0.0002086919619852256,0.0011602149048669285,-0.04255610407284537,-0.08309453788585719,1.346098625475376e-06,0.003240646632740303,-0.0030926656735269197,2.842170943040401e-17,1.1322047640759946e-06,-4.109143903387235e-05,-0.0010580876309915516,0.00197463216482975,0.2298629508285777,-0.0454985464061175,3.899172186380226e-06,0.005658831070743846,-0.004666330382878906,-1.4210854715202004e-17,0.00015698064855884699,5.4663745178169165e-05,-0.0003675961191470515,0.0018234464105205777,0.500814536143024,1.1896879972450085,3.324956812040379e-06,0.008575410993548912,-0.0038985319333214308,1.4210854715202004e-17
34163561_2023-02-21T05.33.59.899097Z_WS.POZA.S2.DNZ.MSEED,WS.POZA.S2.DNZ,2023-02-21T05:34:21.731000Z,5.40246311341106e-05,7.184739422819804e-05,0.0004548681310785947,0.001132049203201108,-0.06599351515958285,0.44785942186969896,1.2815353984682638e-06,0.0035635440809277537,-0.003766559194940285,1.4210854715202004e-17,-1.7069639948039424e-05,-4.41130123407072e-05,-0.0014637495048867527,0.00199927567624643,0.15171057354414078,-0.1011696832099851,3.997103229630619e-06,0.006020967646407235,-0.004879310571110006,3.552713678800501e-17,-5.1651610084931654e-05,-5.4595434847772135e-06,-0.0009261148926104056,0.0018886509756862986,-0.24740913305381396,-0.05829080321412938,3.567002507960808e-06,0.004830909332523424,-0.005416945183386352,-2.1316282072803006e-17
34163561_2023-02-21T05.33.59.899190Z_WS.POZA.S5.DNZ.MSEED,WS.POZA.S5.DNZ,2023-02-21T05:34:21.565000Z,-2.5206739155428588e-05,-0.00011082534398982717,-0.00039896938455596573,0.0010724227227342596,-0.11094763961447089,0.4106726970445074,1.1500904962367627e-06,0.002940456061193215,-0.003775876981923289,-3.375077994860476e-17,-2.980298799760658e-05,-3.410406489574598e-05,-0.00020687335751187335,0.0021422259382567472,-0.21632793595056096,0.3712857153701705,4.589131970540002e-06,0.00570359342581012,-0.006501532194922051,1.7763568394002505e-18,7.22983930108587e-05,0.00010001175886333614,-0.0005137584738870828,0.0017963779359516884,0.0866656977814232,0.3675301170648373,3.2269736887740484e-06,0.0058956894528542116,-0.005464916439226401,3.552713678800501e-17
34163561_2023-02-21T05.33.59.901431Z_WS.POZA.S3.DNZ.MSEED,WS.POZA.S3.DNZ,2023-02-21T05:34:21.743000Z,6.360241280074017e-05,-2.0980747595382355e-05,-0.0014412028987603217,0.0013107511129091822,0.2809279782179157,-0.5637944763480789,1.71806847999266e-06,0.0037401189038612404,-0.002669329022880054,0.0,-8.255220953164281e-05,-0.00021307677463947472,0.00013246181059278002,0.0038428998762947814,0.0889135564238078,0.01577832936051049,1.4767879459226446e-05,0.011071393496967067,-0.010614373848737415,1.2434497875801754e-17,3.639974126370653e-05,-7.866812157038794e-05,0.0017441943301829178,0.003262227860939302,-0.16445502199221243,0.8328527450451255,1.0642130616688615e-05,0.009574450066708045,-0.012648951891271668,-4.3076653355456075e-17
34164401_2023-02-21T07.13.34.333420Z_WS.POZA.S3.DNZ.MSEED,WS.POZA.S3.DNZ,2023-02-21T07:13:56.204000Z,-8.551577619642037e-05,5.083726348752407e-05,0.00022360655610365144,0.0012710658052228672,-0.24575879884033944,0.2665107843590375,1.6156082812068557e-06,0.003486310722758751,-0.004267223734672296,1.4210854715202004e-17,-7.56767113965733e-05,-6.557281177476852e-06,-0.0012733368741553693,0.0021850391123183726,-0.048649939285256794,0.17681765777213654,4.774395922361063e-06,0.005981216439856375,-0.006800197262006957,-3.552713678800501e-18,-0.00025959694411894623,-0.00019836047891267982,-0.004766204878091597,0.0029256273375157277,-0.0898348511812516,0.8656282086295866,8.559295318019365e-06,0.009934412118357092,-0.009908873211856115,-3.552713678800501e-18
34167831_2023-02-21T15.08.01.278424Z_WS.POZA.S6.DNZ.MSEED,WS.POZA.S6.DNZ,2023-02-21T15:08:23.051000Z,0.00013773013657814782,9.706902997565862e-05,-5.637352821250375e-05,0.0012403384268229087,-0.033707996137127695,0.4455762963456884,1.5384394130535281e-06,0.004165639456426385,-0.0032804242260105585,-3.552713678800501e-18,-7.227399536943596e-06,2.034775088157744e-05,0.0010183100377212963,0.002563334252884676,-0.20529615039395496,0.7579742454845642,6.570682492011839e-06,0.007696575270600764,-0.009037448451145505,1.7763568394002505e-17,-0.00013632998551744942,-7.540743333102172e-05,-0.0010924036252881433,0.0019368699475185293,-0.0815875466176254,-0.10734658327641444,3.7514651936004306e-06,0.005393765580546117,-0.005545166105827054,1.4210854715202004e-17
34167831_2023-02-21T15.08.01.279429Z_WS.POZA.S3.DNZ.MSEED,WS.POZA.S3.DNZ,2023-02-21T15:08:23.051000Z,-2.665699974007589e-05,-3.658508465021782e-05,0.0005004638690072352,0.0013252771520360876,-0.16185525679314736,0.0983202658675344,1.7563595297088834e-06,0.003110744334054871,-0.004527415375426165,0.0,0.00013130684298656869,-0.0001135991930531884,-0.0002286811116943102,0.0043558658240079205,0.051917393599058864,0.3424068576998667,1.8973567076760203e-05,0.013588762687246892,-0.011589287003774923,-1.687538997430238e-17,-1.8392185308253333e-05,-7.523855350614782e-05,-0.006561407759341524,0.0036877479880662437,0.17779410652812042,0.028130759556596274,1.3599485223486627e-05,0.011516116834474488,-0.00924840950348324,-1.7763568394002505e-18
34167831_2023-02-21T15.08.01.279469Z_WS.POZA.S4.DNZ.MSEED,WS.POZA.S4.DNZ,2023-02-21T15:08:23.051000Z,5.1781909262492845e-05,-6.788637910170792e-06,-0.0003716539575703905,0.0011813766221430227,0.19843707989619383,0.13173091383993274,1.395650723346058e-06,0.0036588486586421848,-0.003365540818087317,-2.1316282072803006e-17,-4.6130841302593814e-05,0.00020463412356188656,-0.0022516181246786927,0.003598599077647603,-0.23701624118669193,-0.06479185276630561,1.2949915321646178e-05,0.00895554520921376,-0.010695644093955355,-1.4210854715202004e-17,2.800885459857258e-05,-0.00014090446166925292,-0.0014844053337401111,0.003526072032566531,0.04160223584229266,0.7440153285582616,1.2433183978847866e-05,0.009722758000152341,-0.010695644093955355,1.4210854715202004e-17
34167831_2023-02-21T15.08.01.279496Z_WS.POZA.S5.DNZ.MSEED,WS.POZA.S5.DNZ,2023-02-21T15:08:23.040000Z,-4.670343409144066e-06,-1.6552185472670544e-05,-0.00036209077070381,0.0011976259395183075,-0.14442468061088434,0.08480332445981498,1.4343078910071084e-06,0.003208084170945393,-0.003777651836928178,-2.842170943040401e-17,2.4364268288263116e-05,-5.5205654328600536e-05,0.0016338338029745125,0.0024257744014789463,-0.1362939558369335,0.18271220973085933,5.8843814468705396e-06,0.007851185702671714,-0.007039770344964384,3.1974423109204506e-17,0.0001182992255128176,2.774548955852083e-06,-0.0005916689493660443,0.0018496226763214628,0.0032493482879611007,-0.4564289223262419,3.4211040447625706e-06,0.005740472039662275,-0.00458351809672269,0.0
34167831_2023-02-21T15.08.01.281277Z_WS.POZA.S2.DNZ.MSEED,WS.POZA.S2.DNZ,2023-02-21T15:08:23.062000Z,8.013136920173396e-05,0.00010469623431812238,0.00010469623431812238,0.0012493699718274117,-0.06562415747136102,-0.07441794645638078,1.5609253265040273e-06,0.003789660265299558,-0.0033495183007621757,0.0,-0.00012218322942731568,-0.00012488194434411186,-0.003118768804861038,0.002726587827570406,0.20405736764434004,-0.009302998851674626,7.434281181455106e-06,0.0075894133856121105,-0.007763041653825148,0.0,-9.144317983133649e-05,2.856061384349289e-05,-0.001314940258226808,0.0021203309059945204,-0.22262508236410428,-0.1825785125096524,4.4958031509155435e-06,0.004941065110326324,-0.006343405161279102,0.0
34168201_2023-02-21T16.15.27.910539Z_WS.POZA.S4.DNZ.MSEED,WS.POZA.S4.DNZ,2023-02-21T16:15:49.859000Z,-1.9294778285111937e-05,-0.00010497429161567027,-0.0008153781965075871,0.001305864608082062,-0.007119532653600017,0.22007859853580136,1.7052823746413175e-06,0.003444702598367222,-0.004001361084069721,1.7763568394002505e-18,8.124172289328485e-05,0.00018258409033101658,0.0007963543230825508,0.0023790746448887324,-0.24706174927995894,1.4192735041912918,5.659996165952448e-06,0.00758999430391203,-0.008875212111694949,-2.1316282072803006e-17,-2.911041674012733e-05,-2.825301252214672e-05,-0.0010074742235516793,0.004319378994253564,-0.029779883899100152,0.9542311275876987,1.865703489599893e-05,0.013769864051991092,-0.012713618700864548,1.199040866595169e-17
34168201_2023-02-21T16.15.27.910842Z_WS.POZA.S2.DNZ.MSEED,WS.POZA.S2.DNZ,2023-02-21T16:15:49.859000Z,-0.0001598298969609969,-0.00010654901843513017,-0.001104511305274849,0.0013927957701668323,0.12756566134325992,0.07094721070314192,1.9398800573946198e-06,0.005151494063279398,-0.0035232814018972864,-2.1316282072803006e-17,-9.627422362308028e-05,8.240070895986946e-06,0.00035377865612712644,0.0020960318814524795,-0.5293249003478736,1.3352380257001224,4.393349648065221e-06,0.006840533520581397,-0.00839713242952363,3.019806626980426e-17,-0.00012114831649085144,-0.0002225094250051507,-0.0002225094250051507,0.00239509291551913,-0.16608737771536006,1.17705750699578,5.736470073969926e-06,0.007646399780377023,-0.009012073979512952,1.4210854715202004e-17
34168201_2023-02-21T16.15.27.910939Z_WS.POZA.S5.DNZ.MSEED,WS.POZA.S5.DNZ,2023-02-21T16:15:49.859000Z,-0.00012917168254449743,-0.0001596118749275047,-0.000926824665866086,0.0012251490937720455,0.04317043507704044,0.004174761522695469,1.5009903019704645e-06,0.002987717543777584,-0.0040355006157152444,1.4210854715202004e-17,-3.581769866999294e-05,-2.4324733930076835e-05,-0.0011575741617672235,0.001965182617837823,-0.11459471523840063,0.6019995481420533,3.86194272145192e-06,0.005752026225632275,-0.007068040945088101,3.552713678800501e-17,8.039102715380516e-05,0.00012911782425752792,-0.0004664969913027141,0.0018456505516364502,-0.257936235829717,0.7528237249278078,3.406425958755933e-06,0.005367834171544092,-0.006607713270525845,-1.7763568394002505e-17
34168201_2023-02-21T16.15.27.911567Z_WS.POZA.S3.DNZ.MSEED,WS.POZA.S3.DNZ,2023-02-21T16:15:49.853000Z,-0.00012286566982776953,-0.0002232452144960439,-0.001336582249285774,0.0012462950806275072,-0.06300346068268474,-0.322907787608826,1.5532514279963245e-06,0.003038873293540162,-0.003485949381151144,0.0,5.170276606577886e-05,4.498643302323558e-05,-0.0019503524820361931,0.0033381175711386583,0.11333974637041132,1.2042460864493183,1.1143028918744655e-05,0.01205860168532909,-0.012236860466803015,-7.105427357601002e-18,-6.499557036352624e-05,-0.00014681676471196739,-0.0015286782763298664,0.0040378616162760885,0.11498992742176743,0.6886232524499989,1.630432643219575e-05,0.013440756026256995,-0.010471099730406937,0.0
34168201_2023-02-21T16.15.27.912761Z_WS.POZA.S6.DNZ.MSEED,WS.POZA.S6.DNZ,2023-02-21T16:15:49.859000Z,6.38072082690844e-05,6.776157526506153e-05,-0.00075743141895853,0.001302067616362776,0.07615619873424911,-0.2646035056666203,1.6953800775806412e-06,0.00357995631363037,-0.0031369623881061432,-1.7763568394002505e-18,0.0003392143451885081,0.0004706947051623172,0.0011617718756257115,0.002037074469570141,-0.5141597418108284,3.046788733737128,4.14967239457447e-06,0.008146922224880388,-0.010237487485310831,5.684341886080802e-17,8.330729764855876e-05,0.00029821824185563686,-0.0005272675816762866,0.0020247458500527275,-0.4790609440576136,1.3412952365538207,4.099595757305742e-06,0.005959487282777983,-0.007819888705926183,-2.842170943040401e-17
34172441_2023-02-22T06.35.22.487872Z_WS.POZA.S4.DNZ.MSEED,WS.POZA.S4.DNZ,2023-02-22T06:35:44.517000Z,-9.000307126432106e-05,-9.460869064460212e-05,0.001018142685526234,0.0011948973229016478,0.011129773441083339,-0.21559705698384857,1.427779612277525e-06,0.003320952375579766,-0.0030884955511615284,0.0,-8.72247067755828e-05,-1.730175293162688e-05,0.001171585243713281,0.0016234010814043516,-0.0557471189876475,-0.16127322641184128,2.635431071104818e-06,0.004396221600131345,-0.00458543898142055,2.1316282072803006e-17,-9.628601692934666e-05,-5.5955221787556875e-05,-0.0009004749504391134,0.002577842034127711,-0.050524668239075206,0.6054884820255237,6.645269552915694e-06,0.007965225224543876,-0.006696152644429989,7.105427357601002e-18
34174151_2023-02-22T10.07.36.286271Z_WS.POZA.S3.DNZ.MSEED,WS.POZA.S3.DNZ,2023-02-22T10:07:58.097000Z,-0.0002599757103677647,-0.00022098255951243006,-0.0015065032282982783,0.0012850271207162035,0.21152543779989239,0.41834554900862075,1.6512947009761763e-06,0.003674818574322169,-0.0041935049724399955,-1.9539925233402754e-17,2.4377947616052803e-05,0.00018224339969483025,-0.0016218779762494048,0.009589401571673543,-0.3809901396319874,1.069915747695398,9.1956622502815e-05,0.029275128129669203,-0.0380463301286385,1.4210854715202004e-17,-2.0305708335775774e-06,-0.00025934319905947066,-0.002888657569226182,0.010187345546484776,0.1225330068913383,0.506513423231528,0.00010378200928348319,0.030503839912408945,-0.027260841000452368,3.019806626980426e-17
34174151_2023-02-22T10.07.36.286508Z_WS.POZA.S2.DNZ.MSEED,WS.POZA.S2.DNZ,2023-02-22T10:07:58.080000Z,-9.450618116885945e-05,-2.966674413831811e-05,-2.966674413831811e-05,0.0013524054260029871,-0.09108430229383241,-0.4965938015222915,1.829000436282321e-06,0.003539336880274212,-0.003638495154644567,-7.105427357601002e-18,0.00014112536498008834,-0.0002030216953727819,-0.0035611882169315915,0.005487834977565811,0.1698478545514482,0.32662598473193505,3.0116332740994745e-05,0.01612865455509345,-0.01745535329496576,0.0,-9.300220983516482e-05,0.0002004970931433678,-0.0030235536046552443,0.00543427124782815,-0.06623848392146334,1.360131663007703,2.953130399497172e-05,0.017280059400121332,-0.017608795853153923,7.105427357601002e-18
34174151_2023-02-22T10.07.36.288240Z_WS.POZA.S6.DNZ.MSEED,WS.POZA.S6.DNZ,2023-02-22T10:07:58.028000Z,-4.204436133397961e-05,-7.988727866154762e-05,-0.0009050802728845816,0.0012255975305425228,0.20958687004572932,0.45171100153634214,1.5020893068719302e-06,0.004506991025635888,-0.0034767072690762876,-4.4408920985006264e-17,-5.71075010156688e-05,-0.0003867723950373147,-0.0009818015519786627,0.005258362132600601,0.17408336346896483,0.6954422576614925,2.7650372317567938e-05,0.017479915095925534,-0.01598930366480256,3.1974423109204506e-17,-0.0002876906698684516,-9.892118378006557e-05,-0.001173897579022755,0.0042317977638412834,-0.37670162491880427,1.4168654550051416,1.7908112314052087e-05,0.011914401239216901,-0.016526352618460013,-1.7763568394002505e-18
34174151_2023-02-22T10.07.36.288368Z_WS.POZA.S5.DNZ.MSEED,WS.POZA.S5.DNZ,2023-02-22T10:07:58.078000Z,-7.199938094258058e-05,-9.56974713031218e-05,-0.0005759375389133527,0.0010638256184573023,-0.14123603686125413,-0.4390647541022412,1.1317249464860616e-06,0.0021883711429413395,-0.0031856323453432096,-3.1974423109204506e-17,-0.00011745117504877417,-5.704400244719183e-05,0.0007675633331575058,0.0051771930434745305,0.20313082860436704,0.7535756097403499,2.680332780940107e-05,0.01965153984538804,-0.016350066784056937,-7.105427357601002e-18,-0.00018391171513715916,-0.00015309201596923802,-0.003492517461718419,0.004398121167156375,-0.10071613854215082,0.7242492962458185,1.9343469800988955e-05,0.012896553333414489,-0.015045219380843125,-3.552713678800501e-18
34174151_2023-02-22T10.07.36.289865Z_WS.POZA.S4.DNZ.MSEED,WS.POZA.S4.DNZ,2023-02-22T10:07:58.082000Z,-0.00013319521005353824,-0.00012858490540414096,-9.110275378599908e-05,0.001167380287807118,-0.12346900146823307,-0.3418865474263795,1.3627767363606296e-06,0.0030562266649190894,-0.0033145677929662747,1.4210854715202004e-17,-2.035987787533275e-05,0.0001203200076866159,-0.006999531823946595,0.006936081933165779,0.10440294033448315,0.24212218670051477,4.810923258358874e-05,0.022784722905801177,-0.019012561417634674,-3.552713678800501e-18,-0.00019030863858199185,-0.000685546252108453,-0.0040829519011426445,0.010133833870612362,-0.3142379378621911,2.251004021897093,0.00010269458891717034,0.03057632517346926,-0.03885584674784787,3.552713678800501e-18
34175971_2023-02-22T13.57.07.048729Z_WS.POZA.S3.DNZ.MSEED,WS.POZA.S3.DNZ,2023-02-22T13:57:29.265000Z,7.96949982595265e-05,0.00016494580948159867,5.0156720149366266e-05,0.001237501038783778,-0.1424123128524038,-0.10266781762444266,1.5314088209909295e-06,0.0033509286970426176,-0.0037115285899250354,-2.3092638912203255e-17,2.0590330426311032e-05,0.00010755126481548246,0.0006258591426627492,0.0024187690700712577,-0.04100352250959617,0.13332450482700953,5.850443814333376e-06,0.0076877307710115075,-0.007357839152049427,0.0,2.5783951059966184e-05,8.822453038751746e-05,-0.0001419393068947261,0.0020385614253868533,-0.08564185899053618,-0.33798296505273884,4.155732685075279e-06,0.005538363639146138,-0.005093097272234045,-2.842170943040401e-17
34178151_2023-02-22T20.46.05.458931Z_WS.POZA.S3.DNZ.MSEED,WS.POZA.S3.DNZ,2023-02-22T20:46:27.141000Z,2.8494210176327126e-05,7.843887268729189e-06,-0.00020328604489388113,0.001179628522770583,0.053807806903405586,0.5973681212700672,1.3915234517339077e-06,0.004172169497932055,-0.0034273367426930507,-1.7763568394002505e-18,-6.700562687833163e-05,-8.791129694386997e-05,-0.000702267188313183,0.002110171880345406,0.009291256368687913,0.007951878591009987,4.452825364600467e-06,0.005899276765472204,-0.005614771684796572,-8.881784197001253e-18,-2.5222702878681112e-06,-1.1482847159235804e-05,0.001409032133315151,0.00382025200086098,-0.17551824032097227,1.7973957832667633,1.4594325350082319e-05,0.014036417618372541,-0.013483095231558736,-1.7763568394002505e-17
34178151_2023-02-22T20.46.05.458935Z_WS.POZA.S6.DNZ.MSEED,WS.POZA.S6.DNZ,2023-02-22T20:46:27.107000Z,-0.0001098868108296167,-7.880473660019448e-05,-0.00017485275012224066,0.0011042890427769186,-0.03583918872677041,-0.25372389628229186,1.219454289997163e-06,0.003087851416532859,-0.003168153952020273,1.4210854715202004e-17,0.0002556625580974802,0.00020933930396594406,0.00020933930396594406,0.0015686608944628273,-0.09701560092235366,0.27692082219699055,2.4606970018169176e-06,0.004776305215217078,-0.003859231122483667,-7.105427357601002e-18,-8.10168547543895e-06,-4.0444097053153885e-05,0.0002474071142040953,0.0020123954212799573,-0.02068564402423044,0.8800997800906134,4.049735331588536e-06,0.006964325815939493,-0.005931876975256071,3.907985046680551e-17
34178151_2023-02-22T20.46.05.459952Z_WS.POZA.S5.DNZ.MSEED,WS.POZA.S5.DNZ,2023-02-22T20:46:27.107000Z,0.0002057536185764533,0.00016837922814425045,0.0010890345772698788,0.0013192746897726251,0.022243544820090243,-0.3939690623722565,1.7404857070746562e-06,0.004005614500074945,-0.003209699686461976,2.842170943040401e-17,8.325257654973623e-05,3.309208714626494e-05,-2.3716798899841932e-05,0.0015339461480905559,0.044853160706004314,-0.4363886808561195,2.3529907852418534e-06,0.004658038201682409,-0.00363254520940609,3.552713678800501e-17,0.00013896042439253198,0.0002058613797623923,0.0008208029297517147,0.0018866244572553318,-0.17764466481458757,1.616221993274083,3.5593518427139757e-06,0.007268904325348939,-0.007354991392005668,-3.730349362740526e-17
34181001_2023-02-23T04.55.32.357796Z_WS.POZA.S2.DNZ.MSEED,WS.POZA.S2.DNZ,2023-02-23T04:55:54.330000Z,-3.937920143378458e-05,-7.845902976456388e-05,-0.0009229787584161205,0.0012017287606831029,-0.032213876955189506,-0.24170556011208566,1.4441520142529461e-06,0.0036451584700728018,-0.0031871349796137225,-3.907985046680551e-17,2.6505050573425877e-05,7.498352842248323e-05,0.0008808497882181098,0.0020586133039973992,-0.051867498344267744,1.0216888745631003,4.237888735395088e-06,0.007751796706760564,-0.0071016771892573926,3.552713678800501e-18,-1.4645666634623796e-05,7.498352842248323e-05,0.00030573302432362084,0.001588221831528533,0.0345213771548195,-0.438382298238142,2.522448586143848e-06,0.004451024729867313,-0.0036474626541770946,1.9539925233402754e-17
34181001_2023-02-23T04.55.32.358555Z_WS.POZA.S4.DNZ.MSEED,WS.POZA.S4.DNZ,2023-02-23T04:55:54.315000Z,-0.0002827356302127608,-0.00024900637902528617,2.0396585731781446e-05,0.00117984658813439,-0.10962258808263847,-0.033138142175348495,1.3920379715323608e-06,0.003704189299474314,-0.0035884318247744675,7.105427357601002e-18,-5.780055308197524e-05,-9.497816221878736e-05,-0.0018220854297583788,0.002485131351716251,0.09949122646891018,-0.005392745189495507,6.175877835283041e-06,0.007542595888643912,-0.006274262251678396,3.286260152890463e-17,-0.0001709544835488412,-3.7583617552671173e-05,-0.0019755279879465413,0.002267318757621225,-0.1610930176931799,-0.503051996778006,5.140734348661054e-06,0.004587362496982916,-0.0061208196934902336,-2.3092638912203255e-17
34181001_2023-02-23T04.55.32.358953Z_WS.POZA.S6.DNZ.MSEED,WS.POZA.S6.DNZ,2023-02-23T04:55:54.316000Z,-1.6400747267113942e-06,2.8528372057517118e-05,6.718184091344712e-05,0.0011821875715607656,-0.11255843212873813,-0.24128577937650553,1.3975674543527406e-06,0.0030224152325744433,-0.003502407442116862,1.0658141036401503e-17,0.00014360326279443152,0.00012457638557900568,0.0001439031200075283,0.0018660256119911664,-0.08652575572147277,0.09483524184734282,3.4820515846070073e-06,0.005363878391485021,-0.005728495853077428,-2.842170943040401e-17,0.0001260944127196921,0.0001825565888634583,0.001141865406846132,0.001567713423606287,-0.226646136691673,0.243204810068963,2.4577253785553454e-06,0.004289194825551221,-0.004461716260099536,1.4210854715202004e-17
34181001_2023-02-23T04.55.32.359040Z_WS.POZA.S3.DNZ.MSEED,WS.POZA.S3.DNZ,2023-02-23T04:55:54.332000Z,8.135891122414876e-05,4.5434611532488133e-05,-0.0012406717158733695,0.0011952699889523177,-0.10205142585062725,-0.05618489875327892,1.4286703464900735e-06,0.003787207528560031,-0.003620202685019867,-1.4210854715202004e-17,-0.00034054253002665667,-0.0003384646132462496,-0.0015089033633915337,0.0029520373911617504,0.023585252512293424,0.20080894345972933,8.714524758817073e-06,0.008393412567285988,-0.008763456677403279,-1.3322676295501878e-17,3.498880440332861e-05,-1.2252762442517449e-05,-0.00028077723927068634,0.0023547790465994487,-0.295892521562134,0.042528189188318244,5.544984358303808e-06,0.006167324156326539,-0.007113070688957211,-1.7763568394002505e-17
34181001_2023-02-23T04.55.32.360655Z_WS.POZA.S5.DNZ.MSEED,WS.POZA.S5.DNZ,2023-02-23T04:55:54.323000Z,4.000897572915898e-05,6.226400325238388e-05,-0.0007061201049239856,0.0012008993033245513,-0.13388056291571512,0.5176742571314907,1.4421591367253928e-06,0.0030561508637704255,-0.004620662314567656,1.7763568394002505e-17,-0.00012554031743129297,-0.0001684854926476385,-0.0010516586901562403,0.0017912136615036182,-0.014509577312009731,0.22679129093926642,3.208446381157199e-06,0.00485997941040354,-0.0051196434579869575,-3.552713678800501e-18,5.138949401428309e-05,2.3610534396453886e-05,-0.0001684854926476385,0.0014191544210673554,-0.02570336212580898,-0.36754982458931007,2.0139992708350205e-06,0.0037460567169960318,-0.0038534495236290742,0.0
34198511_2023-02-25T10.39.33.498834Z_WS.POZA.S5.DNZ.MSEED,WS.POZA.S5.DNZ,2023-02-25T10:39:55.344000Z,4.337004981262574e-05,9.932621691016267e-05,0.0002527687750972098,0.0012471338367355763,0.016160162330729196,-0.5049397402515337,1.5553428067307993e-06,0.003553540751990461,-0.0028184250231326918,2.3092638912203255e-17,9.912544224282228e-06,4.134601362515241e-05,2.2019279197187417e-05,0.004229045115431816,-0.11246494597708036,1.6320700876761283,1.78848225883577e-05,0.01652587916366121,-0.01724905339620542,-1.0658141036401503e-17,-9.477979051480841e-05,0.00021411530624127978,-0.000745193511741394,0.0032672634208040603,-0.208548396931746,0.7774341560635785,1.067501026092425e-05,0.010001642147587685,-0.010532720353088915,4.4408920985006264e-17
34198511_2023-02-25T10.39.33.499496Z_WS.POZA.S6.DNZ.MSEED,WS.POZA.S6.DNZ,2023-02-25T10:39:55.345000Z,-0.0001232745910990278,-0.00012044703128664594,-0.0003315769634492563,0.0012342434618427748,0.18694040122764727,0.5079408412010995,1.5233569231016372e-06,0.003583550904813308,-0.0038625127776236354,2.1316282072803006e-17,1.6133243942102923e-05,-4.372575219256476e-05,-0.0009072793859626393,0.004339650511845638,0.05889572661387577,0.8517227106790721,1.8832566564962113e-05,0.014215011816192377,-0.014417838068527518,1.9539925233402754e-17,-3.0740161278262657e-06,3.299552690151643e-05,-0.0002162022154992451,0.003132445477906209,0.010610788992710472,0.4715683789662517,9.81221467205506e-06,0.00911041129266601,-0.009274584076145221,6.217248937900877e-18
34198511_2023-02-25T10.39.33.501101Z_WS.POZA.S2.DNZ.MSEED,WS.POZA.S2.DNZ,2023-02-25T10:39:55.349000Z,0.00010878537528465716,-1.3518885446410423e-05,-0.0003977109395345951,0.0012886018048939804,0.45913702591626165,1.1830103108891912,1.660494611576024e-06,0.005743505339688535,-0.003545040358239684,-1.5987211554602253e-17,4.290112327744681e-05,-0.00018628817806198015,-0.0026243850091129403,0.004962878372371433,0.14142765935689244,0.9873769055655033,2.4630161738952123e-05,0.018447612103840008,-0.018514474660826546,-4.796163466380676e-17,-1.1007581287682644e-05,-3.2845619874375416e-05,-0.0026243850091129403,0.0033870068072814428,-0.08917407160089362,0.5212584942037606,1.1471815112570831e-05,0.010042239603420391,-0.010107930843168026,-2.842170943040401e-17
34198511_2023-02-25T10.39.33.501333Z_WS.POZA.S4.DNZ.MSEED,WS.POZA.S4.DNZ,2023-02-25T10:39:55.352000Z,0.00015347978260424683,0.0001793377819525006,0.0003339516573773358,0.0011293477662674425,0.0836272891014026,-0.11833489081545645,1.2754263771732618e-06,0.00305843555313831,-0.002583799582664403,0.0,0.0002288189073571446,0.0005447887602310568,0.003250531580182402,0.006341003662089243,-0.24703940233899913,0.36737339722455387,4.0208327442629196e-05,0.01791190944915515,-0.02139046915718196,1.5987211554602253e-17,3.9220128664614384e-05,0.0004674818225180815,-0.0033123589047470547,0.006318194728549756,-0.6001416475402763,0.2421241512234582,3.991958462787393e-05,0.013498386096092179,-0.018627331792565056,1.687538997430238e-17
34198511_2023-02-25T10.39.33.502376Z_WS.POZA.S3.DNZ.MSEED,WS.POZA.S3.DNZ,2023-02-25T10:39:55.356000Z,-2.848171914389741e-05,-3.336142675782981e-05,-0.000110082705851911,0.0011852609643900154,0.1388465778884153,0.17522606656799677,1.4048435537067493e-06,0.0036896704144606415,-0.0032187586556999544,-1.4210854715202004e-17,-0.00013766254153928947,0.0007534709279187213,-0.005598875283466462,0.007968834122872219,-0.5295378336077742,0.9093580336759475,6.350231727785265e-05,0.018121470104771158,-0.029664173598317443,-1.4210854715202004e-17,-0.0003284865180628495,-5.239533187634777e-05,-0.003564297240932209,0.00680686572846667,-0.1076607779031359,0.8158905446193199,4.6333421045374095e-05,0.022228108341458917,-0.01995336803606512,-7.105427357601002e-18
34199461_2023-02-25T12.50.56.138741Z_WS.POZA.S4.DNZ.MSEED,WS.POZA.S4.DNZ,2023-02-25T12:51:17.925000Z,-6.301079345400598e-06,-0.0001036234860223476,-0.0004878155401105323,0.0011559528708019779,0.40376185675666254,-0.09568724595306488,1.336227039515334e-06,0.0034653801383890677,-0.0025212222654069968,2.842170943040401e-17,-0.00010666422557253775,-0.00010362348602290525,-0.010850459145352542,0.010605134643889525,-0.016203516889126288,-0.11842056462981265,0.00011246888081502582,0.03275065372471754,-0.027930607110948844,8.881784197001253e-18,0.00013560166141277644,-0.0001036234860223476,-0.004172779571091969,0.013222353051762717,-0.6625806427185469,1.451596828965906,0.0001748306202254588,0.029719284712581357,-0.044665216491312894,1.3322676295501878e-17
34199461_2023-02-25T12.50.56.139848Z_WS.POZA.S5.DNZ.MSEED,WS.POZA.S5.DNZ,2023-02-25T12:51:17.907000Z,-9.36356726309567e-05,-0.0001440866487092478,0.00027875887423598215,0.0011810213374497359,0.09247221428330232,0.044194251607002855,1.3948113995115627e-06,0.003579530851128118,-0.0035209942460765705,-2.1316282072803006e-17,-0.00019101430253551388,-8.799507711819957e-06,-0.002024050815818665,0.007546870632634628,-0.10964165830729439,-0.1505368945647696,5.695525634572299e-05,0.020314140231492164,-0.020639795680529916,-1.5987211554602253e-17,4.099084544432301e-05,0.00016396978490374977,-0.006592188044307588,0.0063016055501711726,-0.09421286187018096,-0.7365573962833425,3.971023250994813e-05,0.012445231026111107,-0.016263754479085086,-3.552713678800501e-17
34199461_2023-02-25T12.50.56.141260Z_WS.POZA.S3.DNZ.MSEED,WS.POZA.S3.DNZ,2023-02-25T12:51:17.944000Z,-2.6569000629097325e-05,-5.414883631733233e-05,0.00044483230710308476,0.0011473057350797021,-0.04309624778687728,-0.015788987417851175,1.3163104497467757e-06,0.00305511277215072,-0.0034316420923035493,0.0,-2.5990369913496224e-05,-0.000264985939169938,0.006739491144513262,0.014198045296216944,-0.06396654400895489,0.16516952504913718,0.00020158449023342808,0.0376751507192878,-0.04357854042729222,1.5987211554602253e-17,0.00010852370170696,-0.0004951497764516239,-0.01252809176318656,0.013324017302536616,0.2788075217799086,1.030138558266814,0.0001775294370782951,0.047770148335629425,-0.03782151620215839,8.881784197001253e-18
34199461_2023-02-25T12.50.56.142243Z_WS.POZA.S6.DNZ.MSEED,WS.POZA.S6.DNZ,2023-02-25T12:51:17.930000Z,-3.817722094453475e-05,1.6619342086887058e-05,-0.0008855877605391174,0.0011966090539707222,-0.11656031050418003,-0.44658982112037293,1.431873228044707e-06,0.002684001522491192,-0.003226465260830801,-2.842170943040401e-17,0.00010811561682193385,-7.91358421257121e-05,-0.0010003768498702346,0.0075614760263477505,0.1370215473980725,-0.14487673223834907,5.717591969703177e-05,0.023448527860450034,-0.018502784679792873,-5.3290705182007515e-18,0.00014342848891540227,-0.00023287122962276386,-0.001115751597821361,0.006009976316172152,0.42668952104384444,0.7343431237541891,3.6119815320950196e-05,0.023717345166587092,-0.0132060881292213,1.7763568394002505e-17
34199461_2023-02-25T12.50.56.142459Z_WS.POZA.S2.DNZ.MSEED,WS.POZA.S2.DNZ,2023-02-25T12:51:17.935000Z,-0.00011885248562875319,-7.993664171098317e-05,0.00015081285419015443,0.0012955109399332635,-0.1383419968188071,-0.07825894203584527,1.6783485954867677e-06,0.0031821818663252226,-0.004225228347254676,1.4210854715202004e-17,-0.0002479972390298596,-0.00011859011056747079,0.0020307770212984566,0.00838215951613612,-0.055886469809644276,-0.28623346959058615,7.02605981539513e-05,0.022949331576063242,-0.023876417650423788,2.6645352591003756e-17,-3.6602589171192234e-05,0.00016955392999922538,0.0047564322342972185,0.008040154282917754,-0.1305521391112534,0.44646568922012353,6.46440808931207e-05,0.022834542486732123,-0.02429926317336902,-4.440892098500626e-18
34199941_2023-02-25T13.19.38.781260Z_WS.POZA.S3.DNZ.MSEED,WS.POZA.S3.DNZ,2023-02-25T13:20:00.779000Z,3.989153945921643e-05,-9.221664655436827e-05,-0.00016893792564844944,0.0015406906191279615,0.17985112129450076,-0.5185510694773781,2.3737275838689013e-06,0.0036688830049011393,-0.003777180677535804,6.039613253960852e-17,-4.731302891541049e-05,8.055264606175911e-05,-0.0007446403481618325,0.003436374419769173,0.00743345448360393,0.9574546557501229,1.180866915284392e-05,0.0116139278307585,-0.010109907325183019,-2.1316282072803006e-17,-8.584468077907894e-05,8.055264606175911e-05,-0.0017045348247634003,0.002227596895557922,0.09953505387198029,-0.29648444368108384,4.962187929099293e-06,0.005741528857673543,-0.005772519592594118,-7.105427357601002e-18
34203481_2023-02-25T23.45.54.827297Z_WS.POZA.S6.DNZ.MSEED,WS.POZA.S6.DNZ,2023-02-25T23:46:16.550000Z,-5.027817224754774e-06,2.3545295480334972e-05,6.219876433738023e-05,0.0013686449746844367,-0.06597853813294775,0.11727044694265443,1.8731890667289625e-06,0.004514375586257397,-0.003776207824831103,1.4210854715202004e-17,0.00017273597209426468,4.28720299088576e-05,-0.0018183510613909314,0.003599321657245322,-0.9161945099723443,5.483698453714167,1.2955116392315211e-05,0.012075814016644352,-0.018745056468799072,1.4210854715202004e-17,-1.761713489956173e-05,-0.00011057052827874713,-0.002931688096179546,0.0025283708908822936,0.0745693816362617,0.17553096764878617,6.392659361860923e-06,0.006971213493116871,-0.007882846061518865,4.9737991503207014e-17
34203481_2023-02-25T23.45.54.827644Z_WS.POZA.S3.DNZ.MSEED,WS.POZA.S3.DNZ,2023-02-25T23:46:16.556000Z,1.4140985275675251e-05,2.1859965874737672e-05,7.925451054029623e-05,0.0012173495879111435,0.17062977679333985,0.2439315280920451,1.481940019187431e-06,0.00399438237880286,-0.003336306555684072,1.0658141036401503e-17,7.70811100414581e-06,0.0004250859250814404,-0.0009187077762994227,0.006259123370766989,-0.6562916580593487,3.748002287806883,3.9176625370481513e-05,0.025411332418368054,-0.027171441033252808,3.375077994860476e-17,0.0002427750822442523,2.8260607562197062e-06,-0.0013023141717687133,0.005736412237212499,0.3348747335844428,0.3362855078022986,3.290642535524132e-05,0.01570052685611573,-0.015388575276846974,1.4210854715202004e-17
34203481_2023-02-25T23.45.54.828599Z_WS.POZA.S5.DNZ.MSEED,WS.POZA.S5.DNZ,2023-02-25T23:46:16.389000Z,2.811636877519607e-05,4.118826915169962e-05,-0.0004577928742676022,0.0011658772311025122,0.05475591245447149,0.11280336519676837,1.3592697180032608e-06,0.0038034592378461103,-0.003259583707740436,0.0,-9.839057820577801e-05,2.244719334262868e-05,-0.0010329096381620911,0.0033983105242713285,-0.9509884587118315,4.376743284371882,1.1548514419373271e-05,0.010289042785062593,-0.016961652758731627,-2.1316282072803006e-17,2.996705001136079e-05,4.118826915169962e-05,0.0019609772223559505,0.0023621480683934087,0.19628480820942246,0.0660161535590773,5.579743497014711e-06,0.007910097474533874,-0.005830625045313248,8.881784197001253e-18
34203481_2023-02-25T23.45.54.829713Z_WS.POZA.S2.DNZ.MSEED,WS.POZA.S2.DNZ,2023-02-25T23:46:16.483000Z,-2.5866085932383147e-05,-0.00010060081099033254,-0.00044613939622258726,0.0011828780491407581,0.005099306997951743,0.020081459793977352,1.3992004791390458e-06,0.0033536137240899656,-0.0033627193190265384,-2.842170943040401e-17,0.00014348764561731908,0.0005524085492360257,0.0028558038979084517,0.003977237435996457,-1.010611932039493,4.996953800686446,1.5818417622291668e-05,0.013602639557238647,-0.019637001024828328,-1.4210854715202004e-17,-0.0001730725511445898,-0.00019606316589348467,-0.0013667947453482156,0.0029462195645359205,-0.15411995728619626,0.4352153753321515,8.68020972245423e-06,0.007806961863247771,-0.010540551353944203,1.5987211554602253e-17
34203481_2023-02-25T23.45.54.829792Z_WS.POZA.S4.DNZ.MSEED,WS.POZA.S4.DNZ,2023-02-25T23:46:16.556000Z,0.0002626385045873925,0.00020947007251729023,0.00032543047908619544,0.0011228125967103987,0.17426875829455216,0.06153578252222491,1.2607081273315486e-06,0.0037796450141664934,-0.0025923207609566588,0.0,6.184193309885078e-05,0.000152075527851174,-0.001363608978216918,0.005054527553080609,-0.7019046889530425,4.223406255335366,2.5548248784851047e-05,0.017481714065157684,-0.024584973223035232,0.0,-9.266150550625712e-07,0.00017140226227969666,0.001822373909345216,0.006142445043743303,0.3127790193094138,1.5910739528236677,3.7729631115406664e-05,0.02070635042157463,-0.01756058374630462,3.552713678800501e-18
34234551_2023-03-03T11.35.50.317154Z_WS.POZA.S3.DNZ.MSEED,WS.POZA.S3.DNZ,2023-03-03T11:36:12.020000Z,-8.57866261483073e-05,-0.00015387998246704342,-3.909089313481104e-05,0.0012666092531769633,0.15148548379263654,0.23959820864910641,1.6042990002335045e-06,0.004298296839452973,-0.003263141590933981,-1.4210854715202004e-17,-3.0364579711580978e-05,-4.3742427888105346e-07,-0.0014206595754438207,0.002177631866611903,-0.04170572294835527,0.18207142269840304,4.742080546483642e-06,0.005795240269711994,-0.00671735612601428,-1.7763568394002505e-17,0.00012052450689711925,7.628385481520014e-05,-0.0008449571529304375,0.0020720749438582404,0.3799370277813191,0.775998911416945,4.29349457296513e-06,0.007176808952019889,-0.006064932424406815,3.552713678800501e-18
34242021_2023-03-04T18.10.02.196699Z_WS.POZA.S3.DNZ.MSEED,WS.POZA.S3.DNZ,2023-03-04T18:10:24.613000Z,-1.1645503434650373e-05,-4.9835130664862386e-05,-0.001028470683075501,0.001245281170212002,0.19169522649737564,-0.5066428543036028,1.550725192884573e-06,0.003346984859750435,-0.002794231419472695,0.0,-9.287869652953007e-05,-0.00012655640975894357,-0.006786080566829341,0.010005917686722564,-0.0034341030671552336,-0.6152869127079645,0.00010011838875346744,0.02484065617840971,-0.02328994045129225,1.1546319456101627e-17,-0.0001183571890921383,-0.0004527682605621181,0.005457698522759875,0.012171850326951618,0.48283632782087016,1.9817953908282906,0.0001481539403817122,0.0428033916828946,-0.03756829758341572,3.552713678800501e-18
34242021_2023-03-04T18.10.02.196749Z_WS.POZA.S6.DNZ.MSEED,WS.POZA.S6.DNZ,2023-03-04T18:10:24.613000Z,0.00022752982422192847,0.00022276490569693354,0.0005296500220732583,0.0011871187787336564,-0.06025789892534756,-0.3369446764552011,1.409250994822088e-06,0.0031012770182649637,-0.003385477846189306,-7.105427357601002e-18,0.00010624460948828987,-0.00021882169305625213,-0.004651671780548304,0.005470913575847774,-0.080435942387802,-0.3885449438909494,2.993089535439548e-05,0.012044284130959815,-0.013748121451431315,-1.4210854715202004e-17,0.00016565147716894374,-0.0001230665088442106,-0.0020419769741184474,0.005165485960363859,0.048480857263199235,1.4521155882354222,2.6682245206716138e-05,0.019068087949071534,-0.018315673021301344,-1.5987211554602253e-17
34242021_2023-03-04T18.10.02.196990Z_WS.POZA.S2.DNZ.MSEED,WS.POZA.S2.DNZ,2023-03-04T18:10:24.608000Z,-8.739787705205678e-05,-2.6011483239340127e-05,0.0002035666954228941,0.0013850968698053516,-0.13049708960759276,0.12557948174447153,1.918493338744583e-06,0.0038112237886913547,-0.004594148711728262,-2.842170943040401e-17,-0.00017984291874986817,-7.270407430269193e-06,0.001240182451118543,0.0058194790865215805,0.04963163903171513,-0.07841212332500369,3.386633683846205e-05,0.01582542469961722,-0.01633894665789706,-1.4210854715202004e-17,-0.0002783600690097651,-0.0005443193610866069,0.002622336792046447,0.008013094450576982,-0.04895268654419145,1.4428848673259411,6.420968267386763e-05,0.025650433692582884,-0.026816379352469073,-3.552713678800501e-18
34242021_2023-03-04T18.10.02.197355Z_WS.POZA.S4.DNZ.MSEED,WS.POZA.S4.DNZ,2023-03-04T18:10:24.613000Z,4.606460892051266e-05,-2.9799265955454075e-05,-0.00024063636880861737,0.0012502775799649321,0.17791312773226453,-0.29238875264167064,1.5631940269629675e-06,0.004134233515398425,-0.0030424272022814515,-7.105427357601002e-18,8.735588419710141e-05,8.498982337622066e-05,0.004749175065387747,0.007884912852429782,-0.10059181570252072,-0.10246113761454767,6.217185069041236e-05,0.020868842895762473,-0.023462000613626934,-2.842170943040401e-17,-0.0001090131081315304,-0.0003366843823301059,-0.002121771853155823,0.010624940795163311,0.14556885050561894,0.7789643418135284,0.00011288936690072556,0.030234695531402553,-0.031176295943583156,-3.019806626980426e-17
34242021_2023-03-04T18.10.02.199410Z_WS.POZA.S5.DNZ.MSEED,WS.POZA.S5.DNZ,2023-03-04T18:10:24.600000Z,0.00013023670715359481,0.00013224200226490666,-0.0003292569895362533,0.0011561722842774562,0.02349821909056854,0.3977677839319238,1.3367343509313508e-06,0.004161573301239694,-0.0032844903811972497,0.0,-5.3055699529140796e-05,5.552072317138311e-05,-0.005011011990118505,0.005155665121130367,-0.1499724691421784,-0.1816243021233075,2.6580882841240206e-05,0.011570154832058494,-0.015412309064216445,1.4210854715202004e-17,5.221292329102188e-05,-0.0001945555071577195,0.0005539162079723485,0.006509269941028295,0.0871303179116139,1.4441289975742917,4.2370595165174505e-05,0.024043512100309944,-0.019250715653384928,8.881784197001253e-18
34286841_2023-03-09T09.20.27.819598Z_WS.POZA.S3.DNZ.MSEED,WS.POZA.S3.DNZ,2023-03-09T09:20:49.762000Z,0.00012893092729223164,8.916939232876076e-05,-0.0004865330301846223,0.0012161160664360571,-0.07577605795323072,-0.4358962132837423,1.4789382870439087e-06,0.0029290280360386306,-0.003020092216139292,0.0,1.5020325889540345e-05,-0.00019897464823737777,-0.002405736324768864,0.002994479932716346,0.3075291682521779,0.2559284895195808,8.966910067440892e-06,0.01010686007095741,-0.00820141401875974,2.1316282072803006e-17,4.020364650811888e-05,5.05159234717155e-05,-0.0015612165961173072,0.002291567069880374,-0.045837524352070856,-0.01904738152537222,5.251279635760123e-06,0.006652059877257103,-0.006244142913938462,1.4210854715202004e-17
34286841_2023-03-09T09.20.27.820128Z_WS.POZA.S2.DNZ.MSEED,WS.POZA.S2.DNZ,2023-03-09T09:20:49.742000Z,-7.816287258756422e-05,-8.964178152089005e-05,-7.031504709236743e-05,0.0012540427692636954,0.28928554652030936,0.05671388183321202,1.572623267142558e-06,0.00399766972073835,-0.002603874233047037,1.0658141036401503e-17,-0.00011854052041846407,0.00010186858690486589,-0.0006852565970816898,0.0022393623544804306,-0.3162232592691408,0.4069470340295869,5.014743754664139e-06,0.005993594294416672,-0.007900570783617496,-3.552713678800501e-18,6.0755351848073e-05,8.312751109579495e-05,0.0003900126274710044,0.001554890562781053,-0.07708450535714331,-0.025646486569602445,2.41768466222558e-06,0.004650093422345814,-0.0042929136903490355,7.105427357601002e-18
34286841_2023-03-09T09.20.27.820537Z_WS.POZA.S5.DNZ.MSEED,WS.POZA.S5.DNZ,2023-03-09T09:20:49.713000Z,7.837118357328165e-06,4.582527902251571e-05,-0.0006833197016784721,0.001105677804929082,-0.19710260834143464,-0.14991829673560186,1.222523408312793e-06,0.002656105744070709,-0.0031009184810631214,3.552713678800501e-18,-4.171225967468974e-06,7.757468785479775e-06,-0.001143647376241844,0.0019524344139326213,-0.14664424906226228,0.06332540830069622,3.8120001407084187e-06,0.004690683786604962,-0.0058652271629178136,3.552713678800501e-18,-0.00010715812280785378,-3.0896000071007846e-05,0.0005453920810612693,0.001518308946480817,-0.1628989580469988,-0.09402686739675925,2.3052620569636886e-06,0.0033846650661522454,-0.004483072821991025,-1.4210854715202004e-17
34286841_2023-03-09T09.20.27.820646Z_WS.POZA.S4.DNZ.MSEED,WS.POZA.S4.DNZ,2023-03-09T09:20:49.742000Z,1.9079311243596144e-05,-2.2999089217267964e-05,-0.0005606337014924998,0.0012852510444916756,-0.02053578751967753,-0.4849672954004358,1.651870247366943e-06,0.002702656123781494,-0.003170328507922357,3.1974423109204506e-17,-0.00011020131495712932,-0.00021509511626136032,-0.00021509511626136032,0.002918572599941289,0.14265593721048378,-0.04219141400996351,8.518066021128055e-06,0.00776860317845193,-0.00838971812077984,7.105427357601002e-18,-8.683119342306613e-05,-4.232582364523296e-05,-0.0014812890506192436,0.001976814196594043,0.027671675056784414,0.09833682081879047,3.907794367855752e-06,0.005235043992497261,-0.0062790044577704,-2.1316282072803006e-17
34286841_2023-03-09T09.20.27.822731Z_WS.POZA.S6.DNZ.MSEED,WS.POZA.S6.DNZ,2023-03-09T09:20:49.772000Z,4.020957031522553e-05,4.220783752365492e-05,-0.00018795599975858864,0.0013223650421027122,-0.09789797916103345,-0.5833847493347801,1.7486493045753077e-06,0.003458354562366917,-0.002759582995950294,3.552713678800501e-17,-7.294904542056487e-05,-1.5186707142461273e-05,0.0005411889809429568,0.0019620785297592316,-0.18522488511952756,0.10995702410829145,3.849752156942148e-06,0.004609759407393683,-0.0058682589457983375,3.552713678800501e-18,1.4569435973793693e-05,4.14002728550372e-06,0.0002723716748047832,0.0014543901022658525,-0.036183803158394756,-0.3702739930251697,2.115250569568877e-06,0.003650450589411009,-0.0038342665618829796,1.7763568394002505e-17
34302281_2023-03-10T02.12.24.010913Z_WS.POZA.S6.DNZ.MSEED,WS.POZA.S6.DNZ,2023-03-10T02:12:45.662000Z,-3.009243131391601e-06,4.441036393481682e-05,-1.2984180731299377e-05,0.0011353389001417166,-0.10726681999243896,0.2472444215777827,1.288994418175003e-06,0.0032110665170678706,-0.0031989670682923185,-7.105427357601002e-18,0.00017245876440112175,0.0007928820790637695,-0.0031989670682923185,0.012314324550683606,-0.18934932802614854,0.17245488125494557,0.000151642589139569,0.03410807262298648,-0.03701313875563377,-3.552713678800501e-17,1.4354363605848742e-05,0.0012535025829365884,-0.012909186971926865,0.011871730693797267,-0.15009989094840817,0.7079445715337451,0.00014093798966604814,0.03737077678964158,-0.04342258668237507,2.4868995751603507e-17
34302281_2023-03-10T02.12.24.011676Z_WS.POZA.S5.DNZ.MSEED,WS.POZA.S5.DNZ,2023-03-10T02:12:45.662000Z,-0.00010894472032647634,-0.00014974872763219425,-0.00045663384400740375,0.0011612313442114026,0.2805000724709676,0.1937042924978023,1.3484582347790213e-06,0.004225121156574848,-0.002990193029962073,7.105427357601002e-18,-8.21168703056195e-05,-0.0002651234755822054,0.00046402150511933997,0.012947059262906365,0.01166428448392384,0.03622750333471725,0.00016762634355720952,0.03427877885107969,-0.033580314019504356,-7.105427357601002e-18,0.00017704878179063715,0.0007135120768284333,-0.007403716383025045,0.012684475361686402,-0.13321516434721933,0.5276494804719314,0.00016089591520122937,0.03761820429682887,-0.04129460934946058,8.881784197001253e-18
34302281_2023-03-10T02.12.24.011947Z_WS.POZA.S2.DNZ.MSEED,WS.POZA.S2.DNZ,2023-03-10T02:12:45.666000Z,5.5884222196870004e-06,-0.00014601751053889645,-0.00014601751053889645,0.001207237430855833,0.2643141548348492,-0.33216428189338654,1.457422214459392e-06,0.003538946520442539,-0.0029478083440117307,1.7763568394002505e-17,4.367965880181751e-05,-6.871057282536356e-05,-0.009050371154377816,0.014543325495094923,-0.10441959046951092,-0.2789107643834323,0.000211508316456278,0.03616364555252019,-0.044207458055171234,3.019806626980426e-17,9.756962229116467e-05,0.0002188478091213233,-0.020833822569403658,0.01600139930265556,0.10469308090442726,0.4210376356207042,0.0002560447796430258,0.04863700282077053,-0.041943301833974746,1.0658141036401503e-17
34302281_2023-03-10T02.12.24.012759Z_WS.POZA.S4.DNZ.MSEED,WS.POZA.S4.DNZ,2023-03-10T02:12:45.661000Z,2.6376944984236735e-06,-6.705099589821999e-05,-0.00010570446475414998,0.0012839259710185277,0.023116650107162132,-0.18819505009803938,1.6484658990558695e-06,0.003271203132613173,-0.0033303408211722138,-7.105427357601002e-18,-0.0002690141993557109,-0.001717436984344288,-0.018951027508128753,0.019328596985752112,0.15265054230290342,-0.4367956521806291,0.00037359466143762563,0.05193943437459148,-0.04865914661740134,3.552713678800501e-18,0.0007341112538688211,0.002139125022014372,-0.01852935330242131,0.02802998688619767,-0.17048576712617838,1.4937734370077447,0.0007856801648404133,0.0857155382516959,-0.08688742731642467,-1.9539925233402754e-17
34302281_2023-03-10T02.12.24.013111Z_WS.POZA.S3.DNZ.MSEED,WS.POZA.S3.DNZ,2023-03-10T02:12:45.666000Z,8.483817148069484e-05,4.9644773745596926e-05,0.0016233094830975837,0.0012171592871633437,0.15732743515217895,-0.5493156199195393,1.4814767303279788e-06,0.003389070219494778,-0.0025219822224461087,-8.881784197001253e-19,0.00014225614249110735,-0.001082433336853204,-0.012078759567892491,0.02418037723010078,0.18800968833974155,-0.09303052293304237,0.0005846906429899763,0.06230457031876397,-0.06358684945358178,-1.5987211554602253e-17,-0.0002800903993102006,-0.0006408467380994608,-0.04405103489836268,0.027962738500716285,0.254681547053428,1.143923774766984,0.0007819147444594409,0.103105063672599,-0.0767518695509144,0.0
34464921_2023-03-26T00.06.58.758495Z_WS.POZA.S6.DNZ.MSEED,WS.POZA.S6.DNZ,2023-03-26T00:07:20.364000Z,-2.5924560539584063e-05,7.136036398561543e-05,-0.0015599917193419345,0.0012461944410130771,-0.2126570063453706,-0.3951241759908304,1.5530005848118957e-06,0.003007559850528094,-0.003402473734832095,-3.552713678800501e-17,0.0001461653680782426,5.2033629557650445e-05,-0.0029802138705068743,0.003844446993181238,0.29194516295876205,0.42403765285888095,1.4779772683380262e-05,0.01252626938573744,-0.0116924714873017,-2.4868995751603507e-17,-1.7633977128481123e-05,5.232645886709747e-05,-0.0014832704402478534,0.003962040218508188,-0.12346539063701092,0.7465810143039056,1.5697762693076408e-05,0.013677674230764205,-0.013496885692554824,-7.105427357601002e-18
34464921_2023-03-26T00.06.58.760415Z_WS.POZA.S2.DNZ.MSEED,WS.POZA.S2.DNZ,2023-03-26T00:07:20.364000Z,-2.1068213543339684e-05,-5.794128019739901e-05,-0.0009399431604682128,0.0011707605061216512,-0.023707743237488227,-0.25524336551796,1.3706801626942247e-06,0.0033587911032636423,-0.0032814063193776746,-8.881784197001253e-18,7.411771049147134e-05,-1.9287811341469026e-05,5.801912637150622e-05,0.003698066706125988,0.2164803335650055,0.05263579720446376,1.3675697362957515e-05,0.011073086433219866,-0.008616756338805178,-2.4868995751603507e-17,-7.590928662995802e-05,-5.735562157906259e-05,-0.0009024610088489557,0.005344067066678682,0.055042320014087896,2.4115376896390135,2.8559052813159687e-05,0.020975402363898506,-0.01897939994404719,1.4210854715202004e-17
34464921_2023-03-26T00.06.58.761423Z_WS.POZA.S5.DNZ.MSEED,WS.POZA.S5.DNZ,2023-03-26T00:07:20.336000Z,-9.547946302018214e-05,-8.130652443925215e-05,-5.1709039651802865e-06,0.0011958742199126757,-0.0748142790342172,-0.06329281349254323,1.4301151498517508e-06,0.0031035050458839784,-0.003919713113607735,7.105427357601002e-18,1.4882047151172431e-05,-0.0001586134621522274,-0.0013861539276541807,0.003422158488225433,0.14969247516866052,0.3437473395963533,1.171116871853338e-05,0.012085165627435872,-0.010521257067394239,-2.842170943040401e-17,-3.2664062176748326e-05,-0.00011995999329573978,-0.0001586134621522274,0.004041438387060249,-0.11037638773349719,1.0486106169794507,1.6333224236404148e-05,0.01235456859219294,-0.014934780420457209,-2.6645352591003758e-18
34464921_2023-03-26T00.06.58.762119Z_WS.POZA.S3.DNZ.MSEED,WS.POZA.S3.DNZ,2023-03-26T00:07:20.384000Z,-1.1644656361274806e-05,-2.1780704435172983e-06,5.5216474222598894e-05,0.0011823728231557663,0.13688790187090893,-0.3332032180259965,1.3980054929373368e-06,0.0030871711449776762,-0.003284208971526582,0.0,-8.317700009054498e-05,-0.0007506497855730277,-0.006469606200469822,0.006844413768177352,0.05233200283143374,0.20851651098569013,4.6845999830015705e-05,0.019208010292591306,-0.018905481317102013,-3.019806626980426e-17,0.0001277608360452957,-0.0003283899212466918,-0.0027465743592513503,0.008279641854269335,0.23027834041999284,1.2164324846507677,6.855246923496855e-05,0.02960930736668813,-0.024624437731998808,-1.5987211554602253e-17
34465651_2023-03-26T04.13.59.980417Z_WS.POZA.S2.DNZ.MSEED,WS.POZA.S2.DNZ,2023-03-26T04:14:21.921000Z,2.4884891466612712e-05,6.149558305985806e-05,0.0002922450789609957,0.001217457575589748,0.15607685994310036,0.1720572826309006,1.482202948360867e-06,0.0036304992074712734,-0.003507508041351557,1.4210854715202004e-17,-2.1649199767627125e-05,2.284211420392808e-05,-0.00020673606445942142,0.001955652624253279,0.13403215230991555,0.13552238744961498,3.8245771867487354e-06,0.005857173277050733,-0.005349990056842832,-1.2434497875801754e-17,-2.1725367329174656e-06,2.284211420392808e-05,-0.00032269647102832667,0.0027612397523999015,-0.40472315577044177,2.5047461529808555,7.62444497023347e-06,0.009963811513738497,-0.011184321219689639,-7.105427357601002e-18
34465651_2023-03-26T04.13.59.981926Z_WS.POZA.S3.DNZ.MSEED,WS.POZA.S3.DNZ,2023-03-26T04:14:21.935000Z,0.0001147020341553725,0.00016395123874728257,0.0011238457153488503,0.0012781845300526905,-0.20130209039729086,0.03405598351606276,1.6337556928660174e-06,0.0037721939906346373,-0.0040194082770345614,0.0,0.00013281762655945568,0.0002216386127228458,-0.0002963764358160893,0.003027094594618967,-0.268867465253138,0.3682704678022519,9.163301684771369e-06,0.009030237072349167,-0.009738364691931355,-3.552713678800501e-18,-0.00017194506298053827,-0.00023898189114997308,-0.002330954478350342,0.0034993790043292223,0.3248935272932576,1.0773049148198943,1.2245653415940179e-05,0.012829990192661718,-0.008510238567810509,8.881784197001253e-18
34469021_2023-03-26T11.53.56.208154Z_WS.POZA.S2.DNZ.MSEED,WS.POZA.S2.DNZ,2023-03-26T11:54:17.915000Z,8.755033554738728e-05,0.00017058267192012069,0.00017058267192012069,0.0014044751225785385,-0.08749398916195804,-0.4167633283646537,1.972550369942001e-06,0.003586143738144489,-0.003629170448392432,7.105427357601002e-18,-6.147401401823234e-05,-9.882029283694692e-05,0.0007456994358146096,0.002023051471490711,0.05944274245470924,0.07963909107004241,4.092737256300732e-06,0.006158356392955089,-0.006238865254821174,1.4210854715202004e-17,0.0001245780160774503,9.327573420714544e-05,-0.002017437928802294,0.0020407885509444745,0.053217882197734004,0.10697403603283195,4.164817909666048e-06,0.007232454300268879,-0.006124076165490057,-8.881784197001253e-18
34469021_2023-03-26T11.53.56.208769Z_WS.POZA.S3.DNZ.MSEED,WS.POZA.S3.DNZ,2023-03-26T11:54:18.017000Z,9.700750883473085e-05,8.977579620661061e-05,-0.0004282392523312092,0.001332229666349096,-0.0422782902636489,0.07522591104526644,1.7748358839006238e-06,0.004100658848681774,-0.0037290112292244606,-4.263256414560601e-17,9.715978007569689e-05,7.074189108809264e-05,-0.00265432766329066,0.0023547370111574504,-0.01946752408931294,-0.026604920995744408,5.544786391714723e-06,0.006250025980548259,-0.007720860376581106,-4.9737991503207014e-17,9.652024086370393e-05,3.208842223216266e-05,0.0019126382479593587,0.0024667594908658243,0.10580176482440398,-0.3880729522940216,6.08490238577662e-06,0.006595564565779398,-0.005993753109039841,-3.1974423109204506e-17
34491411_2023-03-28T03.31.54.128271Z_WS.POZA.S5.DNZ.MSEED,WS.POZA.S5.DNZ,2023-03-28T03:32:16.313000Z,4.933299802518658e-05,6.046988232502031e-05,-0.00016910829633721394,0.001074480438371347,-0.3220648785473799,-0.33049007181150936,1.1545082124426823e-06,0.0025553755994226447,-0.002625360544578908,4.263256414560601e-17,9.167845881602102e-05,7.97966167529853e-05,-0.00016910829633721394,0.001414979682662592,0.18924924430042442,0.26407606766523717,2.00216750234793e-06,0.004974145696045083,-0.004353053470737952,1.4210854715202004e-17,0.0003250423347919865,0.00034861392289115884,0.0007128935839324845,0.0012380675181999094,0.07565687599488506,0.5879499926395124,1.5328111796216832e-06,0.004704742731288014,-0.00312434168799821,2.1316282072803006e-17
34491411_2023-03-28T03.31.54.128524Z_WS.POZA.S6.DNZ.MSEED,WS.POZA.S6.DNZ,2023-03-28T03:32:16.270000Z,9.459299876054678e-05,5.9601067590089654e-05,-0.0009957557639140725,0.0011049758657082965,-0.011405898023023504,-0.3587621158636649,1.2209716637977992e-06,0.0032262572207237008,-0.002761516500311267,3.552713678800501e-18,0.00021343250310105496,0.0002710238290627047,0.00011758127087454228,0.001480388540204044,0.09418594652590186,0.31212125236466104,2.1915502299674604e-06,0.005605788189871314,-0.003950989155575069,-7.105427357601002e-18,0.00021156776605801448,4.027433316156703e-05,4.027433316156703e-05,0.001275515405280825,0.40508001333734156,0.21662848384469147,1.6269395491087074e-06,0.004377662065750467,-0.002722863031454222,-2.1316282072803006e-17
34491411_2023-03-28T03.31.54.129354Z_WS.POZA.S2.DNZ.MSEED,WS.POZA.S2.DNZ,2023-03-28T03:32:16.401000Z,6.498534249775725e-05,2.297253580212896e-05,-0.0005146620764731028,0.0010901461469272206,0.015248956943720185,-0.3016487644487196,1.1884186216602652e-06,0.0030929950167942425,-0.0028174717665266353,1.4210854715202004e-17,-1.1974885312645331e-05,-3.500766748232366e-05,-0.0013205283362687295,0.0013801599002558078,0.2717258898686698,0.6840881094999474,1.9048413502741215e-06,0.004743381005241426,-0.00454399337544789,-2.1316282072803006e-17,9.030453591594146e-05,0.0002537220317032666,0.001059588291497778,0.001412724306705751,-0.3128088032717707,-0.06654846740397913,1.9957899667572447e-06,0.003745418718401707,-0.004007530080410446,1.4210854715202004e-17
34491411_2023-03-28T03.31.54.130204Z_WS.POZA.S3.DNZ.MSEED,WS.POZA.S3.DNZ,2023-03-28T03:32:16.387000Z,2.8331398791570567e-05,6.774856648721653e-05,-0.0001814491759129874,0.0011211999283474215,-0.25317335473539593,0.26560556755893483,1.2570892793262633e-06,0.0031193228009802638,-0.0035975959007562494,0.0,1.052034886942832e-05,-2.8006617724824992e-05,-0.0003354773927200438,0.0021281772759112645,-0.5288090147397139,4.906965582917524,4.529138517705091e-06,0.00830064460360071,-0.01231043917616997,4.9737991503207014e-17,0.0002302149526770562,0.0002788784986503845,0.0016223793707212427,0.0020256920647331866,0.1600604521277806,0.2724373479912203,4.103428341123001e-06,0.007149239758573945,-0.005017818051921189,1.7763568394002505e-18
34674981_2023-04-13T23.18.18.486965Z_WS.POZA.S3.DNZ.MSEED,WS.POZA.S3.DNZ,2023-04-13T23:18:43.358000Z,-0.0003206572089404407,-0.0002835662772799208,-0.0008973365100303398,0.0011396004383353692,-0.18924536595340086,0.21111431467700248,1.2986891590541658e-06,0.0025182245561940282,-0.004543647072154731,2.842170943040401e-17,-0.00022008791087939927,-0.0002068449981858396,0.0007530494784157281,0.0026439970450521898,-0.2558691467122363,0.6341302025287248,6.9907203742447115e-06,0.0062412563974125,-0.009840343622726302,4.9737991503207014e-17,-0.0003060649387884986,-0.00022587890330435758,-0.0014349711223066869,0.002446757805143326,-0.11076052676402343,-0.1633466776793293,5.986623757029786e-06,0.006356631145362511,-0.006501503835596017,-3.552713678800501e-18
34674981_2023-04-13T23.18.18.487000Z_WS.POZA.S4.DNZ.MSEED,WS.POZA.S4.DNZ,2023-04-13T23:18:43.369000Z,-4.655456890439075e-05,-2.9420540346234248e-05,9.232928510811007e-06,0.001282452418438147,0.07957285326886905,-0.031598408748845674,1.6446842055578522e-06,0.0037316791111103886,-0.0037905201918017415,1.4210854715202004e-17,-1.2942449440663653e-05,0.0001626754866978581,0.0001626754866978581,0.0026060653248390704,-0.3305337807434539,-0.035257060639081406,6.79157647732857e-06,0.006073142270019851,-0.007743715870301341,1.0658141036401503e-17,-8.701655157644256e-05,-0.00018286309853328135,-0.0006057086214785113,0.001982588428052229,0.06772730551871232,0.30902016536928834,3.930656875046608e-06,0.006418680855252106,-0.005249981470441505,2.1316282072803006e-17
34674981_2023-04-13T23.18.18.489840Z_WS.POZA.S2.DNZ.MSEED,WS.POZA.S2.DNZ,2023-04-13T23:18:43.347000Z,-5.859234024630733e-05,-3.003562598171243e-05,-0.0007972484169202937,0.001142892621146625,-0.05138065938761839,0.12067135884571734,1.3062035434714028e-06,0.0031946007304363517,-0.0033308076028749634,-3.552713678800501e-18,-4.894537147357804e-05,-0.00016415144974135217,-0.0011427870021525485,0.0019532779733719184,-0.05008799909654441,0.0505450047750271,3.815294841259909e-06,0.005382621331158767,-0.0060166380297788915,3.552713678800501e-18,-0.00010224030580596367,-0.0002209603357880167,-0.0015644612078588751,0.00174041810826501,0.25394881408046593,0.0944773613724359,3.0290551915767563e-06,0.005420103482776908,-0.004674308474945822,1.5987211554602253e-17
34674981_2023-04-13T23.18.18.489861Z_WS.POZA.S5.DNZ.MSEED,WS.POZA.S5.DNZ,2023-04-13T23:18:43.315000Z,7.470191460593861e-05,0.0001074894267336606,6.883595787773061e-05,0.0012431606748926722,-0.1048815913565253,0.02884635108311917,1.545448463599604e-06,0.0033321257831517245,-0.0035774746042466603,-3.1974423109204506e-17,-3.153187361844251e-05,-8.460660031043177e-05,-0.0008518193912490131,0.001699697461273152,0.028151345078460985,0.47982183636122944,2.8889714598583986e-06,0.004943858302741863,-0.0052653427443119846,1.0658141036401503e-17,-7.6524511367316e-05,-4.5953131453386505e-05,6.883595787773061e-05,0.0016321133025116908,-0.023388591774497813,-0.31761457979284646,2.6637938322356178e-06,0.0037537999888591664,-0.004152591368141149,0.0
34674981_2023-04-13T23.18.18.490349Z_WS.POZA.S6.DNZ.MSEED,WS.POZA.S6.DNZ,2023-04-13T23:18:43.305000Z,-0.00012603138236956475,-0.00012652802087831106,-0.0008170195327228113,0.0011815738240167832,0.030014052815779835,-0.044561422454372224,1.396116701601644e-06,0.0035965038203401604,-0.002966386664589296,1.4210854715202004e-17,-1.500456400696358e-05,0.00018064992480634545,-0.001277932865905077,0.0018674307769690741,-0.23719313625791866,0.14385780852271735,3.4872977067713196e-06,0.004824629944461007,-0.006996889280801871,-4.263256414560601e-17,-0.00017361028858007665,-0.00012652802087831106,-8.787455202238107e-05,0.0016888577356027577,-0.008885632496043738,-0.04353452140362979,2.8522404511052746e-06,0.004095484963759463,-0.00538457110259284,1.0658141036401503e-17
34692381_2023-04-15T13.17.55.539433Z_WS.POZA.S6.DNZ.MSEED,WS.POZA.S6.DNZ,2023-04-15T13:18:17.646000Z,-0.00017070637937035185,-0.00012672107444615903,-0.00012672107444615903,0.0013039704308144375,-0.055486787307719984,0.3301255951854829,1.7003388844383898e-06,0.00413394537904866,-0.003926474194758712,0.0,9.230119326679109e-05,0.00010344276283496925,-0.0010093086133347517,0.00232609034276308,0.09970947843764269,0.377528059070964,5.410696282695663e-06,0.00808714105754826,-0.006037187857768152,1.0658141036401503e-17,-7.858696386475709e-05,-0.00012672107444615903,-0.001853828341986308,0.0017741972611865096,-0.08286948283910174,0.24065758585494823,3.147775921601712e-06,0.004556205243373881,-0.005461485435254768,3.552713678800501e-18
34692381_2023-04-15T13.17.55.539436Z_WS.POZA.S5.DNZ.MSEED,WS.POZA.S5.DNZ,2023-04-15T13:18:17.634000Z,0.0001224168952214201,0.00017189802062653713,0.0003446673132426645,0.0011748173572233925,-0.3635284712423207,0.29009715100865785,1.3801958228333564e-06,0.003453343263090708,-0.0032243363111687504,-2.842170943040401e-17,0.0001325511319652165,0.00015257128619857214,0.00030601384438561926,0.0023586329245438792,-0.24830671315154887,1.353786622530131,5.5631492727424135e-06,0.007982827022723701,-0.010132765381330462,2.1316282072803006e-17,-7.753932080256282e-06,-7.700689246366211e-05,-0.0008453910006411469,0.0016558487418187728,0.009469631290584871,0.14598895102906262,2.741835055782813e-06,0.004604748108117474,-0.004990682706184839,-1.021405182655144e-17
34692381_2023-04-15T13.17.55.540100Z_WS.POZA.S4.DNZ.MSEED,WS.POZA.S4.DNZ,2023-04-15T13:18:17.642000Z,-5.6079358056078943e-05,-4.426310975801585e-05,-0.0012729748924977572,0.0012327403208673014,-0.02201518748149643,0.352134500980958,1.519648698692017e-06,0.0036395296039845168,-0.0044203043112028455,-7.105427357601002e-18,-7.600112164119272e-05,-4.426310975801585e-05,0.0008377387705116825,0.0029942831736666235,-0.2631761264581007,0.6404254984905533,8.965731724103067e-06,0.008054224274285277,-0.011406040319077534,1.7763568394002505e-17,0.00013509367100445797,5.119924514457864e-05,0.0029109702819029807,0.0025719943337275905,0.14230840198188804,0.1559687116425028,6.615154852726831e-06,0.008283802452948626,-0.006492364505356355,-5.3290705182007515e-18
34692381_2023-04-15T13.17.55.541619Z_WS.POZA.S2.DNZ.MSEED,WS.POZA.S2.DNZ,2023-04-15T13:18:17.645000Z,-2.221431296383337e-05,-6.242231105210295e-06,0.00018585379593888206,0.0012726589334071945,0.17970424506332858,1.3001342786029575,1.619660760781138e-06,0.004868780113758921,-0.005225631843963809,-1.4210854715202004e-17,-7.135809900453882e-05,-0.00015968478929337268,-0.0008121084909008369,0.0023984710649606004,0.24149700272526303,1.4246435069707966,5.752663449453237e-06,0.008975418350446684,-0.009141345370845266,1.0658141036401503e-17,-1.956245073682085e-05,0.00010913251684480088,-0.0011576470761319763,0.0018966036231614634,-0.14836553356345097,0.0989150769704974,3.59710530338919e-06,0.004791473176045947,-0.005417727871007901,2.842170943040401e-17
34692381_2023-04-15T13.17.55.542715Z_WS.POZA.S3.DNZ.MSEED,WS.POZA.S3.DNZ,2023-04-15T13:18:17.654000Z,0.0001911101090741068,0.00023860936571303796,0.00023860936571303796,0.0012750431098040747,-0.05296879022345908,-0.06011007860926698,1.6257349318588456e-06,0.0033859387844170116,-0.0032923264484613413,-7.993605777301126e-18,-2.7197655123649892e-05,-0.0001449970297562527,-0.00029843958794441506,0.004096927042614668,-0.010279365465692036,0.2108258659336144,1.6784811192507372e-05,0.011523079637318464,-0.011659631138643923,0.0,4.049511069913364e-05,0.0001812148210469218,0.00043070539275713034,0.0029889684774834216,0.11355216907305903,-0.19797935133056344,8.933932559389564e-06,0.009258337757501968,-0.006785194452398685,3.552713678800501e-18
34836221_2023-04-28T20.50.39.467773Z_WS.POZA.S4.DNZ.MSEED,WS.POZA.S4.DNZ,2023-04-28T20:51:01.340000Z,-6.998625573450983e-05,-9.973302831258593e-05,-0.0008681171364889554,0.0011026430690931595,0.09688436481995612,0.3898968238056799,1.2158217378191821e-06,0.003507924064955875,-0.003516465411774742,8.881784197001253e-19,-0.00010915510417572657,0.001165875247426403,-0.013802973396541565,0.012903983496311038,-0.37377273394858107,0.40353779959507596,0.00016651279007306763,0.03071996613989305,-0.04466132603360313,7.105427357601002e-18,0.0001273197903845801,0.0005521050146754267,-0.0042836782027133235,0.024452968161075506,0.15436797494937868,1.0081595411625868,0.0005979476518865723,0.07693194513362854,-0.06719161310795806,1.2434497875801754e-17
34836221_2023-04-28T20.50.39.470042Z_WS.POZA.S5.DNZ.MSEED,WS.POZA.S5.DNZ,2023-04-28T20:51:01.340000Z,-1.050065582659189e-05,8.216459351185678e-05,-0.00026337399172039793,0.0012487306245684293,-0.07138751640296295,-0.26211990250165185,1.5593281727350594e-06,0.0035738612802102966,-0.0033732212588062295,3.552713678800501e-18,0.00010497716804065682,4.8576557994391615e-06,0.0035738612802102966,0.00993978206158906,-0.09836240016828182,-0.26343471479233926,9.879926743188767e-05,0.026488340408654523,-0.02705374186095013,1.0658141036401503e-17,0.0004017374182101465,6.225220046444008e-05,-0.007441206026638061,0.012168515982337634,0.30261937744460937,1.9278748404577568,0.00014807278121240644,0.04211019841284773,-0.04125596337259841,-6.217248937900877e-18
34836221_2023-04-28T20.50.39.470238Z_WS.POZA.S3.DNZ.MSEED,WS.POZA.S3.DNZ,2023-04-28T20:51:01.344000Z,-5.182301551116775e-05,-0.00013432591649217558,0.00032658741669009035,0.0011735994019761583,0.12432520274693312,-0.15940084521132203,1.3773355563187965e-06,0.003013003502212913,-0.003166280587247253,0.0,-5.060718821800489e-05,-0.00024940783513273976,-0.01997761124670538,0.01981240866577313,0.005824016330818353,-0.6924287013925183,0.00039253153713960233,0.045348508096544005,-0.04738233500730554,2.2204460492503132e-17,9.233568224757804e-05,-3.82779029701294e-05,-0.021244390839682156,0.02400699954239284,0.43638165113320926,0.998747626947714,0.0005763360270284501,0.08434400158650592,-0.0661890045818231,3.552713678800501e-17
34836221_2023-04-28T20.50.39.470291Z_WS.POZA.S2.DNZ.MSEED,WS.POZA.S2.DNZ,2023-04-28T20:51:01.333000Z,0.00012138915306824124,6.293573761932522e-05,0.0004471277917075099,0.0011994574427884278,0.27982269735636245,-0.09401925140706924,1.4386981570605547e-06,0.003747899768600761,-0.0027388550958535084,3.552713678800501e-17,0.0001391603782042854,0.0008301485285579066,-0.011336323623317218,0.01063694241381994,-0.04596454347876438,-0.09942226022872314,0.00011314454391492157,0.028773092560053306,-0.03083407036829928,-1.5987211554602253e-17,-0.00011962576710685664,-0.0010691423729794758,0.009850462578966846,0.013594734201345956,0.24479806521548328,3.408471521981677,0.00018481679800524546,0.059132464053695565,-0.049640739942815724,-8.881784197001253e-18
35419441_2023-06-30T04.10.40.107451Z_WS.POZA.S5.DNZ.MSEED,WS.POZA.S5.DNZ,2023-06-30T04:11:06.960000Z,-0.0007710503793503115,-0.0007092235702555172,-0.001169551244818889,0.0011508743444974114,-0.2648728694274615,-0.03025676064384175,1.3245117568223464e-06,0.0026302018754936637,-0.00408613116762284,5.684341886080802e-17,-0.0007178116682453798,-0.0010161086866312843,-0.002167513531657493,0.003603828015989779,0.8082659614186661,4.06598642160682,1.2987576368832826e-05,0.017407540151036436,-0.011186656264828643,7.105427357601002e-18,-0.0006328911684850197,-0.0007092235702555172,-0.00040233845388030776,0.0022781087774951746,0.3690173482686994,0.1183869175544956,5.189779602100559e-06,0.006622051022850309,-0.005621728066738906,2.1316282072803006e-17
35419441_2023-06-30T04.10.40.107601Z_WS.POZA.S2.DNZ.MSEED,WS.POZA.S2.DNZ,2023-06-30T04:11:06.886000Z,2.185618767857981e-05,9.729370307971067e-05,0.00040417881945492014,0.0012708572151659148,0.10334778757220407,0.06821185370390426,1.6150780613392646e-06,0.0038583933545352183,-0.0033194386803824458,3.552713678800501e-17,1.3567946901947965e-05,-0.00036420528872144924,-0.001898630870598612,0.004266141082742678,0.5997202663068958,3.3034695892610486,1.8199959737864874e-05,0.0203235997701422,-0.014872140599507153,-8.881784197001253e-18,0.00013085896985371207,6.600309382127991e-07,0.00255354595132029,0.0023813216916261444,-0.005111642681731199,0.04119440871215474,5.6706929990092025e-06,0.006774973277340285,-0.006888442304793861,3.730349362740526e-17
35419441_2023-06-30T04.10.40.108520Z_WS.POZA.S6.DNZ.MSEED,WS.POZA.S6.DNZ,2023-06-30T04:11:07.000000Z,-0.0002868602833847689,-0.0003452176508198562,-0.0008635255286676807,0.001194067768630538,0.07554350080999978,-0.10505634173490197,1.4257978360823119e-06,0.0027827850334567095,-0.003703384172378666,-4.9737991503207014e-17,-0.0002601378519153443,-0.00023013573217929204,0.0004799753434031777,0.0036490273614765982,0.5810331748560927,4.022344323081429,1.3315400684804863e-05,0.017828354956518758,-0.011763803746184923,1.9539925233402754e-17,-0.0002467918633047567,-0.0003452176508198562,-0.0018228343466503542,0.0021852857959277975,0.14271609074259695,-0.23225093542229436,4.775474009883788e-06,0.006774634180813355,-0.00577603002515107,-7.105427357601002e-18
35419441_2023-06-30T04.10.40.108841Z_WS.POZA.S3.DNZ.MSEED,WS.POZA.S3.DNZ,2023-06-30T04:11:07.000000Z,-0.00018459753264075845,-0.00015258777515867792,0.001382423465337379,0.0012665396762651991,-0.08513813598377909,-0.05296792949855922,1.6041227515539556e-06,0.003224905480827539,-0.003684109247951951,1.7763568394002505e-17,6.763157877161289e-05,0.0004995430971387816,0.000998817069868088,0.006204793445073141,0.5512649667405248,4.169685236990707,3.849946169602261e-05,0.031358774222129245,-0.022951692155651772,1.865174681370263e-17,-0.00013779638107629848,-5.6832590946078774e-05,-0.002916310798394476,0.003722166881074697,0.05590900870613128,-0.16961517854013453,1.3854526290569339e-05,0.010824411721452645,-0.009824739868555072,1.4210854715202004e-17
35419441_2023-06-30T04.10.40.109398Z_WS.POZA.S4.DNZ.MSEED,WS.POZA.S4.DNZ,2023-06-30T04:11:06.981000Z,-0.0002701241793173548,-0.0002558434795505082,-0.0009082671811579724,0.0012290294930850031,-0.12775512352312632,0.31912633807226154,1.5105134948727798e-06,0.0035052561719049993,-0.004247692626907154,5.3290705182007515e-18,-3.387886293570777e-05,-6.938566459751314e-06,-0.00010240092136346107,0.006134855144716146,0.6171799606808434,3.16974632594303,3.7636447646650166e-05,0.02868389152154571,-0.0179111082090413,-1.5987211554602253e-17,-1.2991933946371145e-05,0.00012776291591822485,-0.00117767014591504,0.0030901338454322833,0.13916056550380393,-0.24082559819457705,9.548927182686111e-06,0.008725817102001387,-0.007816696251318568,-7.105427357601002e-18
